Application _Primary_Support1,Application_Annual_Cost,Application_Description,Application_Environment,Application_License_Details,Application_License_Model,Application_OS_Dependency,Application_Primary_Support2,Application_Primary_Support3,Application_Purchase_Cost,Application_Schedule_Frequency,Application_Type,Application_Vendor_Contact,Application_Vendor_Email,Application_Vendor_Name,Application_Vendor_Phone,Application_Version,Attached Storage,Batteries per String,Battery String Manufacturer Install Year,Building,Campus,Category,Change Control Plan,Change Control Plan Attached,CI ID,CI Name,CI Number,CI Type,Cooling Device,CPU Count,DAPS Management,Date Received,Department,Department Details,Drive Partitions,Escalation Procedures,Escalation Procedures Attached,External Document Repository,Floor,Host Name (For Virtual),In Service Date,Internal Support Level,IP Address,Last Edit Date/Time,Last Edit User,MAC Address,Manufacturer,Memory,Model,Name,Name (DNS),Notes,Number of Battery Strings,Operating System,Original Purchase Order,Out of Service Date,Owner,Power Device,Primary Application,Primary_Function,Purchase Cost,Purchase Date,Rack,Rail,Room Number,Serial Number,Server Type,Server_Environment,Service Contract Description,Service Contract End Date,Service Contract Number,Service Contract Purchase Order Number,Service Contract Start Date,Service Contract Term,Service Design Package,Service Design Package Attached?,Service Level Agreement,Service Level Agreement Attached,Service Management Notes,Status,Submit Date/Time,Submitter,Support Cost,Support Expiration Date,System_Audience,System_External_Contact_Details,System_Family,System_Overview,System_Owner,System_Type,Warranty Cost,Warranty Description,Warranty Expiration,Warranty Expiration Date,Warranty Number,Warranty Start Date,Warranty Term
Mike Magruder,,,,,,,,,,,Application,,,,,,,,,,,,No,No,378,SITESCAN  [Application 3-378],3-378,Application,,,,,NUIT-CI-SO-ServiceOperations,,,No,No,,,,,,,6/5/2013 16:49,dnielsen,,,,,SITESCAN,,,,,,,,,,,,,,,,,,,,,,,,,No,No,No,No,,In Production,5/7/2013 12:03,Import [Application Import New Attributes],,,,,,,,,,,,,,,
,,,,,,,,,,,,,,,,,,,,,,,No,No,190,LobbyGuard  [Business Systems 19-190],19-190,Business Systems,,,,,NUIT-CI-SO-SOC,,,No,No,,,,,,,10/27/2014 11:54,asa729.a,,,,,LobbyGuard,,,,,,,,,,,,,,,,,,,,,,,,,No,No,No,No,,In Service,10/27/2014 11:54,asa729.a,,,,,,,RuthAnn Ostrowski,External,,,,,,,
,,,,,,,,,,,,,,,,,,,,2020 RIDGE AV,Evanston,,No,No,28,E-2020 AC-12  [Cooling 29-28],29-28,Cooling,Air Cooled 30-ton CRAC,,,,NUIT-CI-SO,,,No,No,,,,,,,7/16/2015 12:09,Import [Cooling Warranty & Service Import],,Emerson/Liebert,,DS105AUAOE1029A,E-2020 AC-12,,,,,PUR0576211,,,,,,,,,,172,C08G8E0086,,,"HVAC Monthly Preventative Maintenance, Full Service Coverage",3/31/2018,PRSCONT2012-022,PUR0765304,4/1/2013,5 Year,No,No,No,No,,In Service,11/4/2013 10:20,Import [COOLING],,,,,,,,,,,,,,,
,,,,,,,,,,,,,,,,,,,,2020 RIDGE AV,Evanston,,No,No,29,E-2020 AC-14  [Cooling 29-29],29-29,Cooling,Air Cooled 30-ton CRAC,,,,NUIT-CI-SO,,,No,No,,,,,,,7/16/2015 12:09,Import [Cooling Warranty & Service Import],,Emerson/Liebert,,DS070ADA0EI174A,E-2020 AC-14,,,,,PUR0576211,,,,,,,,,,184,C09M8E0312,,,"HVAC Monthly Preventative Maintenance, Full Service Coverage",3/31/2018,PRSCONT2012-022,PUR0765304,4/1/2013,5 Year,No,No,No,No,,In Service,11/4/2013 10:20,Import [COOLING],,,,,,,,,,,,,,,
,,,,,,,,,,,,,,,,,,,,2020 RIDGE AV,Evanston,,No,No,30,E-2020 AC-15  [Cooling 29-30],29-30,Cooling,Air Cooled 30-ton CRAC,,,,NUIT-CI-SO,,,No,No,,,,,,,7/16/2015 12:09,Import [Cooling Warranty & Service Import],,Emerson/Liebert,,DS070ADA0EI174A,E-2020 AC-15,,,,,PUR0576211,,,,,,,,,,184,C09M8E0294,,,"HVAC Monthly Preventative Maintenance, Full Service Coverage",3/31/2018,PRSCONT2012-022,PUR0765304,4/1/2013,5 Year,No,No,No,No,,In Service,11/4/2013 10:20,Import [COOLING],,,,,,,,,,,,,,,
,,,,,,,,,,,,,,,,,,,,2020 RIDGE AV,Evanston,,No,No,31,E-2020 AC-16  [Cooling 29-31],29-31,Cooling,Air Cooled 30-ton CRAC,,,,NUIT-CI-SO,,,No,No,,,,,,,7/16/2015 12:09,Import [Cooling Warranty & Service Import],,Emerson/Liebert,,DS070ADA0EI174A,E-2020 AC-16,,,,,PUR0576211,,,,,,,,,,184,C09M8E0311,,,"HVAC Monthly Preventative Maintenance, Full Service Coverage",3/31/2018,PRSCONT2012-022,PUR0765304,4/1/2013,5 Year,No,No,No,No,,In Service,11/4/2013 10:20,Import [COOLING],,,,,,,,,,,,,,,
,,,,,,,,,,,,,,,,,,,,2020 RIDGE AV,Evanston,,No,No,32,E-2020 AC-17  [Cooling 29-32],29-32,Cooling,Air Cooled 30-ton CRAC,,,,NUIT-CI-SO,,,No,No,,,,,,,7/16/2015 12:09,Import [Cooling Warranty & Service Import],,Emerson/Liebert,,DS070ADA0EI174A,E-2020 AC-17,,,,,PUR0576211,,,,,,,,,,184,C09M8E0292,,,"HVAC Monthly Preventative Maintenance, Full Service Coverage",3/31/2018,PRSCONT2012-022,PUR0765304,4/1/2013,5 Year,No,No,No,No,,In Service,11/4/2013 10:20,Import [COOLING],,,,,,,,,,,,,,,
,,,,,,,,,,,,,,,,,,,,2020 RIDGE AV,Evanston,,No,No,33,E-2020 AC-18  [Cooling 29-33],29-33,Cooling,Air Cooled 30-ton CRAC,,,,NUIT-CI-SO,,,No,No,,,,,,,7/16/2015 12:09,Import [Cooling Warranty & Service Import],,Emerson/Liebert,,DS070ADA0EI174A,E-2020 AC-18,,,,,PUR0576211,,,,,,,,,,184,C09M8E0293,,,"HVAC Monthly Preventative Maintenance, Full Service Coverage",3/31/2018,PRSCONT2012-022,PUR0765304,4/1/2013,5 Year,No,No,No,No,,In Service,11/4/2013 10:20,Import [COOLING],,,,,,,,,,,,,,,
,,,,,,,,,,,,,,,,,,,,2020 RIDGE AV,Evanston,,No,No,34,E-2020 RTU-11  [Cooling 29-34],29-34,Cooling,Liebert Condensing Unit,,,,NUIT-CI-SO,,,No,No,,,,,,,7/16/2015 12:09,Import [Cooling Warranty & Service Import],,Emerson/Liebert,,DCDL616-A,E-2020 RTU-11,,,,,PUR0576211,,,,,,,,,,Roof,0832C13997,,,"HVAC Monthly Preventative Maintenance, Full Service Coverage",3/31/2018,PRSCONT2012-022,PUR0765304,4/1/2013,5 Year,No,No,No,No,,In Service,11/4/2013 10:20,Import [COOLING],,,,,,,,,,,,,,,
,,,,,,,,,,,,,,,,,,,,2020 RIDGE AV,Evanston,,No,No,35,E-2020 RTU-12  [Cooling 29-35],29-35,Cooling,Liebert Condensing Unit,,,,NUIT-CI-SO,,,No,No,,,,,,,7/16/2015 12:09,Import [Cooling Warranty & Service Import],,Emerson/Liebert,,DCDL616-A,E-2020 RTU-12,,,,,PUR0576211,,,,,,,,,,Roof,0832C13991,,,"HVAC Monthly Preventative Maintenance, Full Service Coverage",3/31/2018,PRSCONT2012-022,PUR0765304,4/1/2013,5 Year,No,No,No,No,,In Service,11/4/2013 10:20,Import [COOLING],,,,,,,,,,,,,,,
,,,,,,,,,,,,,,,,,,,,2020 RIDGE AV,Evanston,,No,No,36,E-2020 RTU-14  [Cooling 29-36],29-36,Cooling,Liebert Condensing Unit,,,,NUIT-CI-SO,,,No,No,,,,,,,7/16/2015 12:09,Import [Cooling Warranty & Service Import],,Emerson/Liebert,,TCDV415-A,E-2020 RTU-14,,,,,PUR0576211,,,,,,,,,,Roof,1002C25598,,,"HVAC Monthly Preventative Maintenance, Full Service Coverage",3/31/2018,PRSCONT2012-022,PUR0765304,4/1/2013,5 Year,No,No,No,No,,In Service,11/4/2013 10:20,Import [COOLING],,,,,,,,,,,,,,,
,,,,,,,,,,,,,,,,,,,,2020 RIDGE AV,Evanston,,No,No,37,E-2020 RTU-15  [Cooling 29-37],29-37,Cooling,Liebert Condensing Unit,,,,NUIT-CI-SO,,,No,No,,,,,,,7/16/2015 12:09,Import [Cooling Warranty & Service Import],,Emerson/Liebert,,TCDV415-A,E-2020 RTU-15,,,,,PUR0576211,,,,,,,,,,Roof,1002C25605,,,"HVAC Monthly Preventative Maintenance, Full Service Coverage",3/31/2018,PRSCONT2012-022,PUR0765304,4/1/2013,5 Year,No,No,No,No,,In Service,11/4/2013 10:20,Import [COOLING],,,,,,,,,,,,,,,
,,,,,,,,,,,,,,,,,,,,2020 RIDGE AV,Evanston,,No,No,38,E-2020 RTU-16  [Cooling 29-38],29-38,Cooling,Liebert Condensing Unit,,,,NUIT-CI-SO,,,No,No,,,,,,,7/16/2015 12:09,Import [Cooling Warranty & Service Import],,Emerson/Liebert,,TCDV415-A,E-2020 RTU-16,,,,,PUR0576211,,,,,,,,,,Roof,1002C25597,,,"HVAC Monthly Preventative Maintenance, Full Service Coverage",3/31/2018,PRSCONT2012-022,PUR0765304,4/1/2013,5 Year,No,No,No,No,,In Service,11/4/2013 10:20,Import [COOLING],,,,,,,,,,,,,,,
,,,,,,,,,,,,,,,,,,,,2020 RIDGE AV,Evanston,,No,No,39,E-2020 RTU-17  [Cooling 29-39],29-39,Cooling,Liebert Condensing Unit,,,,NUIT-CI-SO,,,No,No,,,,,,,7/16/2015 12:09,Import [Cooling Warranty & Service Import],,Emerson/Liebert,,TCDV415-A,E-2020 RTU-17,,,,,PUR0576211,,,,,,,,,,Roof,0952C25546,,,"HVAC Monthly Preventative Maintenance, Full Service Coverage",3/31/2018,PRSCONT2012-022,PUR0765304,4/1/2013,5 Year,No,No,No,No,,In Service,11/4/2013 10:20,Import [COOLING],,,,,,,,,,,,,,,
,,,,,,,,,,,,,,,,,,,,2020 RIDGE AV,Evanston,,No,No,40,E-2020 RTU-18  [Cooling 29-40],29-40,Cooling,Liebert Condensing Unit,,,,NUIT-CI-SO,,,No,No,,,,,,,7/16/2015 12:09,Import [Cooling Warranty & Service Import],,Emerson/Liebert,,TCDV415-A,E-2020 RTU-18,,,,,PUR0576211,,,,,,,,,,Roof,0952C25545,,,"HVAC Monthly Preventative Maintenance, Full Service Coverage",3/31/2018,PRSCONT2012-022,PUR0765304,4/1/2013,5 Year,No,No,No,No,,In Service,11/4/2013 10:20,Import [COOLING],,,,,,,,,,,,,,,
,,,,,,,,,,,,,,,,,,,,2020 RIDGE AV,Evanston,,No,No,41,E-2020 DC-1  [Cooling 29-41],29-41,Cooling,Liebert Dry Cooler Unit,,,,NUIT-CI-SO,,,No,No,,,,,,,7/16/2015 12:09,Import [Cooling Warranty & Service Import],,Emerson/Liebert,,DDNT940A,E-2020 DC-1,,,,,PUR0576211,,,,,,,,,,Roof,0832C13982,,,"HVAC Monthly Preventative Maintenance, Full Service Coverage",3/31/2018,PRSCONT2012-022,PUR0765304,4/1/2013,5 Year,No,No,No,No,,In Service,11/4/2013 10:20,Import [COOLING],,,,,,,,,,,,,,,
,,,,,,,,,,,,,,,,,,,,2020 RIDGE AV,Evanston,,No,No,42,E-2020 DC-2  [Cooling 29-42],29-42,Cooling,Liebert Dry Cooler Unit,,,,NUIT-CI-SO,,,No,No,,,,,,,7/16/2015 12:09,Import [Cooling Warranty & Service Import],,Emerson/Liebert,,DDNT940A,E-2020 DC-2,,,,,PUR0576211,,,,,,,,,,Roof,0831C13920,,,"HVAC Monthly Preventative Maintenance, Full Service Coverage",3/31/2018,PRSCONT2012-022,PUR0765304,4/1/2013,5 Year,No,No,No,No,,In Service,11/4/2013 10:20,Import [COOLING],,,,,,,,,,,,,,,
,,,,,,,,,,,,,,,,,,,,2020 RIDGE AV,Evanston,,No,No,43,E-2020 DC-3  [Cooling 29-43],29-43,Cooling,Liebert Dry Cooler Unit,,,,NUIT-CI-SO,,,No,No,,,,,,,7/16/2015 12:09,Import [Cooling Warranty & Service Import],,Emerson/Liebert,,DDNT940A,E-2020 DC-3,,,,,PUR0576211,,,,,,,,,,Roof,0832C13980,,,"HVAC Monthly Preventative Maintenance, Full Service Coverage",3/31/2018,PRSCONT2012-022,PUR0765304,4/1/2013,5 Year,No,No,No,No,,In Service,11/4/2013 10:20,Import [COOLING],,,,,,,,,,,,,,,
,,,,,,,,,,,,,,,,,,,,2020 RIDGE AV,Evanston,,No,No,44,E-2020 DC-4  [Cooling 29-44],29-44,Cooling,Liebert Dry Cooler Unit,,,,NUIT-CI-SO,,,No,No,,,,,,,7/16/2015 12:09,Import [Cooling Warranty & Service Import],,Emerson/Liebert,,DDNT940A,E-2020 DC-4,,,,,PUR0576211,,,,,,,,,,Roof,0832C14016,,,"HVAC Monthly Preventative Maintenance, Full Service Coverage",3/31/2018,PRSCONT2012-022,PUR0765304,4/1/2013,5 Year,No,No,No,No,,In Service,11/4/2013 10:20,Import [COOLING],,,,,,,,,,,,,,,
,,,,,,,,,,,,,,,,,,,,2020 RIDGE AV,Evanston,,No,No,45,E-2020 DC-6  [Cooling 29-45],29-45,Cooling,Liebert Dry Cooler Unit,,,,NUIT-CI-SO,,,No,No,,,,,,,7/16/2015 12:09,Import [Cooling Warranty & Service Import],,Emerson/Liebert,,DDNT940A,E-2020 DC-6,,,,,PUR0576211,,,,,,,,,,Roof,0831C13913,,,"HVAC Monthly Preventative Maintenance, Full Service Coverage",3/31/2018,PRSCONT2012-022,PUR0765304,4/1/2013,5 Year,No,No,No,No,,In Service,11/4/2013 10:20,Import [COOLING],,,,,,,,,,,,,,,
,,,,,,,,,,,,,,,,,,,,Leverone Hall,Evanston,,No,No,46,E-2001 DC-1  [Cooling 29-46],29-46,Cooling,Liebert Dry Cooler Unit,,,,NUIT-CI-SO,,,No,No,,,,,,,7/16/2015 12:09,Import [Cooling Warranty & Service Import],,Emerson/Liebert,,DDNT466Y,E-2001 DC-1,,,,,PUR0576211,,,,,,,,,,Roof,0620C86877,,,"HVAC Monthly Preventative Maintenance, Full Service Coverage",3/31/2018,PRSCONT2012-022,PUR0765304,4/1/2013,5 Year,No,No,No,No,,In Service,11/4/2013 10:20,Import [COOLING],,,,,,,,,,,,,,,
,,,,,,,,,,,,,,,,,,,,Leverone Hall,Evanston,,No,No,47,E-2001 DC-2  [Cooling 29-47],29-47,Cooling,Liebert Dry Cooler Unit,,,,NUIT-CI-SO,,,No,No,,,,,,,7/16/2015 12:09,Import [Cooling Warranty & Service Import],,Emerson/Liebert,,DDNT466Y,E-2001 DC-2,,,,,PUR0576211,,,,,,,,,,Roof,0620C86708,,,"HVAC Monthly Preventative Maintenance, Full Service Coverage",3/31/2018,PRSCONT2012-022,PUR0765304,4/1/2013,5 Year,No,No,No,No,,In Service,11/4/2013 10:20,Import [COOLING],,,,,,,,,,,,,,,
,,,,,,,,,,,,,,,,,,,,Leverone Hall,Evanston,,No,No,48,E-2001 DC-3  [Cooling 29-48],29-48,Cooling,Liebert Dry Cooler Unit,,,,NUIT-CI-SO,,,No,No,,,,,,,7/16/2015 12:09,Import [Cooling Warranty & Service Import],,Emerson/Liebert,,DDNT466Y,E-2001 DC-3,,,,,PUR0576211,,,,,,,,,,Roof,0620C86866,,,"HVAC Monthly Preventative Maintenance, Full Service Coverage",3/31/2018,PRSCONT2012-022,PUR0765304,4/1/2013,5 Year,No,No,No,No,,In Service,11/4/2013 10:20,Import [COOLING],,,,,,,,,,,,,,,
,,,,,,,,,,,,,,,,,,,,Technological Institute,Evanston,,No,No,49,LG87 CRAH-1  [Cooling 29-49],29-49,Cooling,Mini Mate AC,,,,NUIT-CI-SO,,,No,No,,,,,,,7/16/2015 12:09,Import [Cooling Warranty & Service Import],,Emerson/Liebert,,MMD8TCDC00H0,LG87 CRAH-1,,,,,PUR0576211,,,,,,,,,,LG87,082IN167153,,,"HVAC Monthly Preventative Maintenance, Full Service Coverage",3/31/2018,PRSCONT2012-022,PUR0765304,4/1/2013,5 Year,No,No,No,No,,In Service,11/4/2013 10:20,Import [COOLING],,,,,,,,,,,,,,,
,,,,,,,,,,,,,,,,,,,,Technological Institute,Evanston,,No,No,50,LG87 CRAH-2  [Cooling 29-50],29-50,Cooling,Mini Mate AC,,,,NUIT-CI-SO,,,No,No,,,,,,,7/16/2015 12:09,Import [Cooling Warranty & Service Import],,Emerson/Liebert,,MMD402C2400DA,LG87 CRAH-2,,,,,PUR0576211,,,,,,,,,,LG87,082IN167135,,,"HVAC Monthly Preventative Maintenance, Full Service Coverage",3/31/2018,PRSCONT2012-022,PUR0765304,4/1/2013,5 Year,No,No,No,No,,In Service,11/4/2013 10:20,Import [COOLING],,,,,,,,,,,,,,,
,,,,,,,,,,,,,,,,,,,,2020 RIDGE AV,Evanston,,No,No,51,E-2020 PUMP-1  [Cooling 29-51],29-51,Cooling,Pump,,,,NUIT-CI-SO,,,No,No,,,,,,,7/16/2015 12:09,Import [Cooling Warranty & Service Import],,Emerson/Liebert,,JPM2531J,E-2020 PUMP-1,,,,,PUR0576211,,,,,,,,,,Roof,Z0804140661,,,"HVAC Monthly Preventative Maintenance, Full Service Coverage",3/31/2018,PRSCONT2012-022,PUR0765304,4/1/2013,5 Year,No,No,No,No,,In Service,11/4/2013 10:20,Import [COOLING],,,,,,,,,,,,,,,
,,,,,,,,,,,,,,,,,,,,2020 RIDGE AV,Evanston,,No,No,52,E-2020 PUMP-2  [Cooling 29-52],29-52,Cooling,Pump,,,,NUIT-CI-SO,,,No,No,,,,,,,7/16/2015 12:09,Import [Cooling Warranty & Service Import],,Emerson/Liebert,,JPM2531J,E-2020 PUMP-2,,,,,PUR0576211,,,,,,,,,,Roof,Z0804140646,,,"HVAC Monthly Preventative Maintenance, Full Service Coverage",3/31/2018,PRSCONT2012-022,PUR0765304,4/1/2013,5 Year,No,No,No,No,,In Service,11/4/2013 10:20,Import [COOLING],,,,,,,,,,,,,,,
,,,,,,,,,,,,,,,,,,,,2020 RIDGE AV,Evanston,,No,No,53,E-2020 PUMP-3  [Cooling 29-53],29-53,Cooling,Pump,,,,NUIT-CI-SO,,,No,No,,,,,,,7/16/2015 12:09,Import [Cooling Warranty & Service Import],,Emerson/Liebert,,JPM2531J,E-2020 PUMP-3,,,,,PUR0576211,,,,,,,,,,Roof,Z0804151536,,,"HVAC Monthly Preventative Maintenance, Full Service Coverage",3/31/2018,PRSCONT2012-022,PUR0765304,4/1/2013,5 Year,No,No,No,No,,In Service,11/4/2013 10:20,Import [COOLING],,,,,,,,,,,,,,,
,,,,,,,,,,,,,,,,,,,,Leverone Hall,Evanston,,No,No,54,E-2001 DUAL PUMP PACKAGE  [Cooling 29-54],29-54,Cooling,Pump Package,,,,NUIT-CI-SO,,,No,No,,,,,,,7/17/2015 14:46,pks792,,Emerson/Liebert,,D75YNT,E-2001 DUAL PUMP PACKAGE,,,,,PUR0576211,,,,,,,,,,Roof,,,,"HVAC Monthly Preventative Maintenance, Full Service Coverage",3/31/2018,PRSCONT2012-022,PUR0765304,4/1/2013,5 Year,No,No,No,No,,In Service,11/4/2013 10:20,Import [COOLING],,,,,,,,,,,,,,,
,,,,,,,,,,,,,,,,,,,,Leverone Hall,Evanston,,No,No,55,E-2001 PUMP CONTROLLER  [Cooling 29-55],29-55,Cooling,Pump Package,,,,NUIT-CI-SO,,,No,No,,,,,,,3/22/2017 12:00,pks792,,Emerson/Liebert,,RP020GY06S0757,E-2001 PUMP CONTROLLER,,,,,PUR0576211,,,,,,,,,,Roof,,,,"HVAC Monthly Preventative Maintenance, Full Service Coverage",3/31/2018,PRSCONT2012-022,PUR0765304,4/1/2013,5 Year,No,No,No,No,,In Service,11/4/2013 10:20,Import [COOLING],,,,,,,,,,,,,,,
,,,,,,,,,,,,,,,,,,,,2020 RIDGE AV,Evanston,,No,No,56,E-2020 PUMP PACKAGE  [Cooling 29-56],29-56,Cooling,Pump Package,,,,NUIT-CI-SO,,,No,No,,,,,,,7/16/2015 12:09,Import [Cooling Warranty & Service Import],,Emerson/Liebert,,RP030DA06S1270,E-2020 PUMP PACKAGE,,,,,PUR0576211,,,,,,,,,,Roof,1068029A,,,"HVAC Monthly Preventative Maintenance, Full Service Coverage",3/31/2018,PRSCONT2012-022,PUR0765304,4/1/2013,5 Year,No,No,No,No,,In Service,11/4/2013 10:20,Import [COOLING],,,,,,,,,,,,,,,
,,,,,,,,,,,,,,,,,,,,Technological Institute,Evanston,,No,No,57,LG87 XDH-01  [Cooling 29-57],29-57,Cooling,XDH/Extreme Density In-Row,,,,NUIT-CI-SO,,,No,No,,,,,,,7/16/2015 12:09,Import [Cooling Warranty & Service Import],,Emerson/Liebert,,XDH32DK,LG87 XDH-01,,,,,PUR0576211,,,,,,,,,,LG87,0/NO8C6D0063,,,"HVAC Monthly Preventative Maintenance, Full Service Coverage",3/31/2018,PRSCONT2012-022,PUR0765304,4/1/2013,5 Year,No,No,No,No,,In Service,11/4/2013 10:20,Import [COOLING],,,,,,,,,,,,,,,
,,,,,,,,,,,,,,,,,,,,Technological Institute,Evanston,,No,No,58,LG87 XDH-10  [Cooling 29-58],29-58,Cooling,XDH/Extreme Density In-Row,,,,NUIT-CI-SO,,,No,No,,,,,,,7/16/2015 12:09,Import [Cooling Warranty & Service Import],,Emerson/Liebert,,XDH32DK,LG87 XDH-10,,,,,PUR0576211,,,,,,,,,,LG87,0/NO8C6D0062,,,"HVAC Monthly Preventative Maintenance, Full Service Coverage",3/31/2018,PRSCONT2012-022,PUR0765304,4/1/2013,5 Year,No,No,No,No,,In Service,11/4/2013 10:20,Import [COOLING],,,,,,,,,,,,,,,
,,,,,,,,,,,,,,,,,,,,Technological Institute,Evanston,,No,No,59,LG87 XDH-02  [Cooling 29-59],29-59,Cooling,XDH/Extreme Density In-Row,,,,NUIT-CI-SO,,,No,No,,,,,,,7/16/2015 12:09,Import [Cooling Warranty & Service Import],,Emerson/Liebert,,XDH32DK,LG87 XDH-02,,,,,PUR0576211,,,,,,,,,,LG87,0/NO8E6D0077,,,"HVAC Monthly Preventative Maintenance, Full Service Coverage",3/31/2018,PRSCONT2012-022,PUR0765304,4/1/2013,5 Year,No,No,No,No,,In Service,11/4/2013 10:20,Import [COOLING],,,,,,,,,,,,,,,
,,,,,,,,,,,,,,,,,,,,Technological Institute,Evanston,,No,No,60,LG87 XDH-03  [Cooling 29-60],29-60,Cooling,XDH/Extreme Density In-Row,,,,NUIT-CI-SO,,,No,No,,,,,,,7/16/2015 12:09,Import [Cooling Warranty & Service Import],,Emerson/Liebert,,XDH32DK,LG87 XDH-03,,,,,PUR0576211,,,,,,,,,,LG87,0/NO8E6D0047,,,"HVAC Monthly Preventative Maintenance, Full Service Coverage",3/31/2018,PRSCONT2012-022,PUR0765304,4/1/2013,5 Year,No,No,No,No,,In Service,11/4/2013 10:20,Import [COOLING],,,,,,,,,,,,,,,
,,,,,,,,,,,,,,,,,,,,Technological Institute,Evanston,,No,No,61,LG87 XDH-04  [Cooling 29-61],29-61,Cooling,XDH/Extreme Density In-Row,,,,NUIT-CI-SO,,,No,No,,,,,,,7/16/2015 12:09,Import [Cooling Warranty & Service Import],,Emerson/Liebert,,XDH32DK,LG87 XDH-04,,,,,PUR0576211,,,,,,,,,,LG87,0/NO8D6D0500,,,"HVAC Monthly Preventative Maintenance, Full Service Coverage",3/31/2018,PRSCONT2012-022,PUR0765304,4/1/2013,5 Year,No,No,No,No,,In Service,11/4/2013 10:20,Import [COOLING],,,,,,,,,,,,,,,
,,,,,,,,,,,,,,,,,,,,Technological Institute,Evanston,,No,No,62,LG87 XDH-05  [Cooling 29-62],29-62,Cooling,XDH/Extreme Density In-Row,,,,NUIT-CI-SO,,,No,No,,,,,,,7/16/2015 12:09,Import [Cooling Warranty & Service Import],,Emerson/Liebert,,XDH32DK,LG87 XDH-05,,,,,PUR0576211,,,,,,,,,,LG87,0/NO8D6D0436,,,"HVAC Monthly Preventative Maintenance, Full Service Coverage",3/31/2018,PRSCONT2012-022,PUR0765304,4/1/2013,5 Year,No,No,No,No,,In Service,11/4/2013 10:20,Import [COOLING],,,,,,,,,,,,,,,
,,,,,,,,,,,,,,,,,,,,Technological Institute,Evanston,,No,No,63,LG87 XDH-06  [Cooling 29-63],29-63,Cooling,XDH/Extreme Density In-Row,,,,NUIT-CI-SO,,,No,No,,,,,,,7/16/2015 12:09,Import [Cooling Warranty & Service Import],,Emerson/Liebert,,XDH32DK,LG87 XDH-06,,,,,PUR0576211,,,,,,,,,,LG87,0/NO8E6D0106,,,"HVAC Monthly Preventative Maintenance, Full Service Coverage",3/31/2018,PRSCONT2012-022,PUR0765304,4/1/2013,5 Year,No,No,No,No,,In Service,11/4/2013 10:20,Import [COOLING],,,,,,,,,,,,,,,
,,,,,,,,,,,,,,,,,,,,Technological Institute,Evanston,,No,No,64,LG87 XDH-07  [Cooling 29-64],29-64,Cooling,XDH/Extreme Density In-Row,,,,NUIT-CI-SO,,,No,No,,,,,,,7/16/2015 12:09,Import [Cooling Warranty & Service Import],,Emerson/Liebert,,XDH32DK,LG87 XDH-07,,,,,PUR0576211,,,,,,,,,,LG87,0/NO8E6D0136,,,"HVAC Monthly Preventative Maintenance, Full Service Coverage",3/31/2018,PRSCONT2012-022,PUR0765304,4/1/2013,5 Year,No,No,No,No,,In Service,11/4/2013 10:20,Import [COOLING],,,,,,,,,,,,,,,
,,,,,,,,,,,,,,,,,,,,Technological Institute,Evanston,,No,No,65,LG87 XDH-08  [Cooling 29-65],29-65,Cooling,XDH/Extreme Density In-Row,,,,NUIT-CI-SO,,,No,No,,,,,,,7/16/2015 12:09,Import [Cooling Warranty & Service Import],,Emerson/Liebert,,XDH32DK,LG87 XDH-08,,,,,PUR0576211,,,,,,,,,,LG87,0/NO8E6D0076,,,"HVAC Monthly Preventative Maintenance, Full Service Coverage",3/31/2018,PRSCONT2012-022,PUR0765304,4/1/2013,5 Year,No,No,No,No,,In Service,11/4/2013 10:20,Import [COOLING],,,,,,,,,,,,,,,
,,,,,,,,,,,,,,,,,,,,Technological Institute,Evanston,,No,No,66,LG87 XDH-09  [Cooling 29-66],29-66,Cooling,XDH/Extreme Density In-Row,,,,NUIT-CI-SO,,,No,No,,,,,,,7/16/2015 12:09,Import [Cooling Warranty & Service Import],,Emerson/Liebert,,XDH32DK,LG87 XDH-09,,,,,PUR0576211,,,,,,,,,,LG87,0/NO8C6D0061,,,"HVAC Monthly Preventative Maintenance, Full Service Coverage",3/31/2018,PRSCONT2012-022,PUR0765304,4/1/2013,5 Year,No,No,No,No,,In Service,11/4/2013 10:20,Import [COOLING],,,,,,,,,,,,,,,
,,,,,,,,,,,,,,,,,,,,Abbott Hall,Chicago,,No,No,67,C-710 AC-2-4  [Cooling 29-67],29-67,Cooling,DS 30-ton CW Unit,,,,NUIT-CI-SO,,,No,No,,,,,,,7/16/2015 12:09,Import [Cooling Warranty & Service Import],,Emerson/Liebert,,CW114DC1A20964S,C-710 AC-2-4,,,,,PUR0576211,,,,,,,,,,241,N11F150022,,,"HVAC Monthly Preventative Maintenance, Full Service Coverage",3/31/2018,PRSCONT2012-022,PUR0765304,4/1/2013,5 Year,No,No,No,No,,In Service,11/4/2013 10:59,Import [COOLING],,,,,,,,,,,,,,,
,,,,,,,,,,,,,,,,,,,,Abbott Hall,Chicago,,No,No,68,C-710 AC-2-5  [Cooling 29-68],29-68,Cooling,DS 30-ton CW Unit,,,,NUIT-CI-SO,,,No,No,,,,,,,7/16/2015 12:09,Import [Cooling Warranty & Service Import],,Emerson/Liebert,,CW114DC1A20964S,C-710 AC-2-5,,,,,PUR0576211,,,,,,,,,,241,N11F150023,,,"HVAC Monthly Preventative Maintenance, Full Service Coverage",3/31/2018,PRSCONT2012-022,PUR0765304,4/1/2013,5 Year,No,No,No,No,,In Service,11/4/2013 10:59,Import [COOLING],,,,,,,,,,,,,,,
,,,,,,,,,,,,,,,,,,,,2020 RIDGE AV,Evanston,,No,No,69,E-2020 AC-02  [Cooling 29-69],29-69,Cooling,DS 30-ton CW Unit,,,,NUIT-CI-SO,,,No,No,,,,,,,7/16/2015 12:09,Import [Cooling Warranty & Service Import],,Emerson/Liebert,,DS105WUAOE1030A,E-2020 AC-02,,,,,PUR0576211,,,,,,,,,,172,C08G8G0014,,,"HVAC Monthly Preventative Maintenance, Full Service Coverage",3/31/2018,PRSCONT2012-022,PUR0765304,4/1/2013,5 Year,No,No,No,No,,In Service,11/4/2013 10:59,Import [COOLING],,,,,,,,,,,,,,,
,,,,,,,,,,,,,,,,,,,,2020 RIDGE AV,Evanston,,No,No,70,E-2020 AC-03  [Cooling 29-70],29-70,Cooling,DS 30-ton CW Unit,,,,NUIT-CI-SO,,,No,No,,,,,,,7/16/2015 12:09,Import [Cooling Warranty & Service Import],,Emerson/Liebert,,DS105WUAOE1030A,E-2020 AC-03,,,,,PUR0576211,,,,,,,,,,172,C08G8G0011,,,"HVAC Monthly Preventative Maintenance, Full Service Coverage",3/31/2018,PRSCONT2012-022,PUR0765304,4/1/2013,5 Year,No,No,No,No,,In Service,11/4/2013 10:59,Import [COOLING],,,,,,,,,,,,,,,
,,,,,,,,,,,,,,,,,,,,2020 RIDGE AV,Evanston,,No,No,71,E-2020 AC-04  [Cooling 29-71],29-71,Cooling,DS 30-ton CW Unit,,,,NUIT-CI-SO,,,No,No,,,,,,,7/16/2015 12:09,Import [Cooling Warranty & Service Import],,Emerson/Liebert,,DS105WUAOE1030A,E-2020 AC-04,,,,,PUR0576211,,,,,,,,,,172,C08G8G0013,,,"HVAC Monthly Preventative Maintenance, Full Service Coverage",3/31/2018,PRSCONT2012-022,PUR0765304,4/1/2013,5 Year,No,No,No,No,,In Service,11/4/2013 10:59,Import [COOLING],,,,,,,,,,,,,,,
,,,,,,,,,,,,,,,,,,,,2020 RIDGE AV,Evanston,,No,No,72,E-2020 AC-06  [Cooling 29-72],29-72,Cooling,DS 30-ton CW Unit,,,,NUIT-CI-SO,,,No,No,,,,,,,7/16/2015 12:09,Import [Cooling Warranty & Service Import],,Emerson/Liebert,,DS105WUAOE1030A,E-2020 AC-06,,,,,PUR0576211,,,,,,,,,,172,C08G8G0016,,,"HVAC Monthly Preventative Maintenance, Full Service Coverage",3/31/2018,PRSCONT2012-022,PUR0765304,4/1/2013,5 Year,No,No,No,No,,In Service,11/4/2013 10:59,Import [COOLING],,,,,,,,,,,,,,,
,,,,,,,,,,,,,,,,,,,,2020 RIDGE AV,Evanston,,No,No,73,E-2020 AC-07  [Cooling 29-73],29-73,Cooling,DS 30-ton CW Unit,,,,NUIT-CI-SO,,,No,No,,,,,,,7/16/2015 12:09,Import [Cooling Warranty & Service Import],,Emerson/Liebert,,DS105WUAOE1030A,E-2020 AC-07,,,,,PUR0576211,,,,,,,,,,172,C08G8G0015,,,"HVAC Monthly Preventative Maintenance, Full Service Coverage",3/31/2018,PRSCONT2012-022,PUR0765304,4/1/2013,5 Year,No,No,No,No,,In Service,11/4/2013 10:59,Import [COOLING],,,,,,,,,,,,,,,
,,,,,,,,,,,,,,,,,,,,2020 RIDGE AV,Evanston,,No,No,74,E-2020 AC-08  [Cooling 29-74],29-74,Cooling,DS 30-ton CW Unit,,,,NUIT-CI-SO,,,No,No,,,,,,,7/16/2015 12:09,Import [Cooling Warranty & Service Import],,Emerson/Liebert,,DS105WUAOE1030A,E-2020 AC-08,,,,,PUR0576211,,,,,,,,,,172,C08G8G0012,,,"HVAC Monthly Preventative Maintenance, Full Service Coverage",3/31/2018,PRSCONT2012-022,PUR0765304,4/1/2013,5 Year,No,No,No,No,,In Service,11/4/2013 10:59,Import [COOLING],,,,,,,,,,,,,,,
,,,,,,,,,,,,,,,,,,,,Technological Institute,Evanston,,No,No,75,LG87 XDP-1  [Cooling 29-75],29-75,Cooling,XDH/Extreme Density In-Row,,,,NUIT-CI-SO,,,No,No,,,,,,,7/16/2015 12:09,Import [Cooling Warranty & Service Import],,Emerson/Liebert,,XDP160RC,LG87 XDP-1,,,,,PUR0576211,,,,,,,,,,LG87,1/0816C10605,,,"HVAC Monthly Preventative Maintenance, Full Service Coverage",3/31/2018,PRSCONT2012-022,PUR0765304,4/1/2013,5 Year,No,No,No,No,,In Service,11/4/2013 10:59,Import [COOLING],,,,,,,,,,,,,,,
,,,,,,,,,,,,,,,,,,,,Technological Institute,Evanston,,No,No,76,LG87 XDP-2  [Cooling 29-76],29-76,Cooling,XDH/Extreme Density In-Row,,,,NUIT-CI-SO,,,No,No,,,,,,,7/16/2015 12:09,Import [Cooling Warranty & Service Import],,Emerson/Liebert,,XDP160RC,LG87 XDP-2,,,,,PUR0576211,,,,,,,,,,LG87,1/0816C10646,,,"HVAC Monthly Preventative Maintenance, Full Service Coverage",3/31/2018,PRSCONT2012-022,PUR0765304,4/1/2013,5 Year,No,No,No,No,,In Service,11/4/2013 10:59,Import [COOLING],,,,,,,,,,,,,,,
,,,,,,,,,,,,,,,,,,,,Abbott Hall,Chicago,,No,No,1,C-710 Stulz AC-1  [Cooling 29-1],29-1,Cooling,Air Package,,,,NUIT-CI-SO,,,No,No,,,,,,,7/16/2015 12:09,Import [Cooling Warranty & Service Import],,Stultz,,OHS-120-DAHU,C-710 Stulz AC-1,,,,,PUR0576211,,,,,,,,,,2nd Floor,3183028,,,"HVAC Monthly Preventative Maintenance, Full Service Coverage",3/31/2018,PRSCONT2012-022,PUR0765304,4/1/2013,5 Year,No,No,No,No,,In Service,11/4/2013 10:20,Import [COOLING],,,,,,,,,,,,,,,
,,,,,,,,,,,,,,,,,,,,Abbott Hall,Chicago,,No,No,2,C-710 Stulz AC-2  [Cooling 29-2],29-2,Cooling,Air Package,,,,NUIT-CI-SO,,,No,No,,,,,,,7/16/2015 12:09,Import [Cooling Warranty & Service Import],,Stultz,,OHS-120-DAHV,C-710 Stulz AC-2,,,,,PUR0576211,,,,,,,,,,2nd Floor,3183030,,,"HVAC Monthly Preventative Maintenance, Full Service Coverage",3/31/2018,PRSCONT2012-022,PUR0765304,4/1/2013,5 Year,No,No,No,No,,In Service,11/4/2013 10:20,Import [COOLING],,,,,,,,,,,,,,,
,,,,,,,,,,,,,,,,,,,,Abbott Hall,Chicago,,No,No,3,C-710 AC B-1  [Cooling 29-3],29-3,Cooling,Chilled Water Challenger,,,,NUIT-CI-SO,,,No,No,,,,,,,7/16/2015 12:09,Import [Cooling Warranty & Service Import],,Emerson/Liebert,,BF102C-AA005133,C-710 AC B-1,,,,,PUR0576211,,,,,,,,,,Basement,765133-003,,,"HVAC Monthly Preventative Maintenance, Full Service Coverage",3/31/2018,PRSCONT2012-022,PUR0765304,4/1/2013,5 Year,No,No,No,No,,In Service,11/4/2013 10:20,Import [COOLING],,,,,,,,,,,,,,,
,,,,,,,,,,,,,,,,,,,,Abbott Hall,Chicago,,No,No,4,C-710 AC B-2  [Cooling 29-4],29-4,Cooling,Chilled Water Challenger,,,,NUIT-CI-SO,,,No,No,,,,,,,7/16/2015 12:09,Import [Cooling Warranty & Service Import],,Emerson/Liebert,,BF102C-AA005133,C-710 AC B-2,,,,,PUR0576211,,,,,,,,,,Basement,765133-001,,,"HVAC Monthly Preventative Maintenance, Full Service Coverage",3/31/2018,PRSCONT2012-022,PUR0765304,4/1/2013,5 Year,No,No,No,No,,In Service,11/4/2013 10:20,Import [COOLING],,,,,,,,,,,,,,,
,,,,,,,,,,,,,,,,,,,,Abbott Hall,Chicago,,No,No,5,C-710 AC B-3  [Cooling 29-5],29-5,Cooling,Chilled Water Challenger,,,,NUIT-CI-SO,,,No,No,,,,,,,7/16/2015 12:09,Import [Cooling Warranty & Service Import],,Emerson/Liebert,,BF102C-AA005133,C-710 AC B-3,,,,,PUR0576211,,,,,,,,,,Basement,765133-002,,,"HVAC Monthly Preventative Maintenance, Full Service Coverage",3/31/2018,PRSCONT2012-022,PUR0765304,4/1/2013,5 Year,No,No,No,No,,In Service,11/4/2013 10:20,Import [COOLING],,,,,,,,,,,,,,,
,,,,,,,,,,,,,,,,,,,,Abbott Hall,Chicago,,No,No,6,C-710 AC 2-1  [Cooling 29-6],29-6,Cooling,Chilled Water Deluxe,,,,NUIT-CI-SO,,,No,No,,,,,,,7/16/2015 12:09,Import [Cooling Warranty & Service Import],,Emerson/Liebert,,VH740C-AAEI,C-710 AC 2-1,,,,,PUR0576211,,,,,,,,,,2nd Floor,765133-004,,,"HVAC Monthly Preventative Maintenance, Full Service Coverage",3/31/2018,PRSCONT2012-022,PUR0765304,4/1/2013,5 Year,No,No,No,No,,In Service,11/4/2013 10:20,Import [COOLING],,,,,,,,,,,,,,,
,,,,,,,,,,,,,,,,,,,,Abbott Hall,Chicago,,No,No,7,C-710 AC 2-2  [Cooling 29-7],29-7,Cooling,Chilled Water Deluxe,,,,NUIT-CI-SO,,,No,No,,,,,,,7/16/2015 12:09,Import [Cooling Warranty & Service Import],,Emerson/Liebert,,VH740C-AAEI,C-710 AC 2-2,,,,,PUR0576211,,,,,,,,,,2nd Floor,765133-006,,,"HVAC Monthly Preventative Maintenance, Full Service Coverage",3/31/2018,PRSCONT2012-022,PUR0765304,4/1/2013,5 Year,No,No,No,No,,In Service,11/4/2013 10:20,Import [COOLING],,,,,,,,,,,,,,,
,,,,,,,,,,,,,,,,,,,,Abbott Hall,Chicago,,No,No,8,C-710 AC 2-3  [Cooling 29-8],29-8,Cooling,Chilled Water Deluxe,,,,NUIT-CI-SO,,,No,No,,,,,,,7/16/2015 12:09,Import [Cooling Warranty & Service Import],,Emerson/Liebert,,VH740C-AAEI,C-710 AC 2-3,,,,,PUR0576211,,,,,,,,,,2nd Floor,79395-001,,,"HVAC Monthly Preventative Maintenance, Full Service Coverage",3/31/2018,PRSCONT2012-022,PUR0765304,4/1/2013,5 Year,No,No,No,No,,In Service,11/4/2013 10:20,Import [COOLING],,,,,,,,,,,,,,,
,,,,,,,,,,,,,,,,,,,,Abbott Hall,Chicago,,No,No,9,C-710 CHILLER - 1  [Cooling 29-9],29-9,Cooling,Chiller,,,,NUIT-CI-SO,,,No,No,,,,,,,4/26/2017 17:02,pks792,,Carrier,,30RAN055E--611CX,C-710 CHILLER - 1,,,,,PUR0576211,,,,,,,,,,Roof,3805Q04602,,,"HVAC Monthly Preventative Maintenance, Full Service Coverage",3/31/2018,PRSCONT2012-022,PUR0765304,4/1/2013,5 Year,No,No,No,No,,In Service,11/4/2013 10:20,Import [COOLING],,,,,,,,,,,,,,,
,,,,,,,,,,,,,,,,,,,,Abbott Hall,Chicago,,No,No,10,C-710 CHILLER - 2  [Cooling 29-10],29-10,Cooling,Chiller,,,,NUIT-CI-SO,,,No,No,,,,,,,4/26/2017 17:02,pks792,,Carrier,,30RAN055E--611CX,C-710 CHILLER - 2,,,,,PUR0576211,,,,,,,,,,Roof,3605Q04590,,,"HVAC Monthly Preventative Maintenance, Full Service Coverage",3/31/2018,PRSCONT2012-022,PUR0765304,4/1/2013,5 Year,No,No,No,No,,In Service,11/4/2013 10:20,Import [COOLING],,,,,,,,,,,,,,,
,,,,,,,,,,,,,,,,,,,,Abbott Hall,Chicago,,No,No,11,C-710 CHILLER - 3  [Cooling 29-11],29-11,Cooling,Chiller,,,,NUIT-CI-SO,,,No,No,,,,,,,8/4/2016 9:50,pks792,,Carrier,,30RAN055055E-GHCX,C-710 CHILLER - 3,,,,,PUR0576211,,,,,,,,,,Roof,3605Q04586,,,"HVAC Monthly Preventative Maintenance, Full Service Coverage",3/31/2018,PRSCONT2012-022,PUR0765304,4/1/2013,5 Year,No,No,No,No,,Out of Service,11/4/2013 10:20,Import [COOLING],,,,,,,,,,,,,,,
,,,,,,,,,,,,,,,,,,,,Abbott Hall,Chicago,,No,No,12,C-710 Fan Wall  [Cooling 29-12],29-12,Cooling,Exhaust Fan,,,,NUIT-CI-SO,,,No,No,,,,,,,7/16/2015 12:09,Import [Cooling Warranty & Service Import],,Fantech,,FADE 18-4,C-710 Fan Wall,,,,,PUR0576211,,,,,,,,,,243,872364,,,"HVAC Monthly Preventative Maintenance, Full Service Coverage",3/31/2018,PRSCONT2012-022,PUR0765304,4/1/2013,5 Year,No,No,No,No,,In Service,11/4/2013 10:20,Import [COOLING],,,,,,,,,,,,,,,
,,,,,,,,,,,,,,,,,,,,Abbott Hall,Chicago,,No,No,13,C-710 Frequency Drive 1  [Cooling 29-13],29-13,Cooling,Frequency Drives,,,,NUIT-CI-SO,,,No,No,,,,,,,7/16/2015 12:09,Import [Cooling Warranty & Service Import],,Danfoss,,131F1798,C-710 Frequency Drive 1,,,,,PUR0576211,,,,,,,,,,Mezzanine,000424H201,,,"HVAC Monthly Preventative Maintenance, Full Service Coverage",3/31/2018,PRSCONT2012-022,PUR0765304,4/1/2013,5 Year,No,No,No,No,,In Service,11/4/2013 10:20,Import [COOLING],,,,,,,,,,,,,,,
,,,,,,,,,,,,,,,,,,,,Abbott Hall,Chicago,,No,No,14,C-710 Frequency Drive 2  [Cooling 29-14],29-14,Cooling,Frequency Drives,,,,NUIT-CI-SO,,,No,No,,,,,,,7/16/2015 12:09,Import [Cooling Warranty & Service Import],,Danfoss,,131F1798,C-710 Frequency Drive 2,,,,,PUR0576211,,,,,,,,,,Mezzanine,000224H201,,,"HVAC Monthly Preventative Maintenance, Full Service Coverage",3/31/2018,PRSCONT2012-022,PUR0765304,4/1/2013,5 Year,No,No,No,No,,In Service,11/4/2013 10:20,Import [COOLING],,,,,,,,,,,,,,,
,,,,,,,,,,,,,,,,,,,,Abbott Hall,Chicago,,No,No,15,C-710 Frequency Drive 3  [Cooling 29-15],29-15,Cooling,Frequency Drives,,,,NUIT-CI-SO,,,No,No,,,,,,,7/16/2015 12:09,Import [Cooling Warranty & Service Import],,Danfoss,,131F1798,C-710 Frequency Drive 3,,,,,PUR0576211,,,,,,,,,,Mezzanine,000324H201,,,"HVAC Monthly Preventative Maintenance, Full Service Coverage",3/31/2018,PRSCONT2012-022,PUR0765304,4/1/2013,5 Year,No,No,No,No,,In Service,11/4/2013 10:20,Import [COOLING],,,,,,,,,,,,,,,
,,,,,,,,,,,,,,,,,,,,Abbott Hall,Chicago,,No,No,16,C-710 CWP-01  [Cooling 29-16],29-16,Cooling,Water Pump,,,,NUIT-CI-SO,,,No,No,,,,,,,7/16/2015 12:09,Import [Cooling Warranty & Service Import],,B&G,,,C-710 CWP-01,,,,,PUR0576211,,,,,,,,,,Mezzanine,C130151-01F11,,,"HVAC Monthly Preventative Maintenance, Full Service Coverage",3/31/2018,PRSCONT2012-022,PUR0765304,4/1/2013,5 Year,No,No,No,No,,In Service,11/4/2013 10:20,Import [COOLING],,,,,,,,,,,,,,,
,,,,,,,,,,,,,,,,,,,,Abbott Hall,Chicago,,No,No,17,C-710 CWP-02  [Cooling 29-17],29-17,Cooling,Water Pump,,,,NUIT-CI-SO,,,No,No,,,,,,,7/16/2015 12:09,Import [Cooling Warranty & Service Import],,B&G,,,C-710 CWP-02,,,,,PUR0576211,,,,,,,,,,Mezzanine,C130151-02F11,,,"HVAC Monthly Preventative Maintenance, Full Service Coverage",3/31/2018,PRSCONT2012-022,PUR0765304,4/1/2013,5 Year,No,No,No,No,,In Service,11/4/2013 10:20,Import [COOLING],,,,,,,,,,,,,,,
,,,,,,,,,,,,,,,,,,,,Abbott Hall,Chicago,,No,No,18,C-710 CWP-03  [Cooling 29-18],29-18,Cooling,Water Pump,,,,NUIT-CI-SO,,,No,No,,,,,,,7/16/2015 12:09,Import [Cooling Warranty & Service Import],,B&G,,,C-710 CWP-03,,,,,PUR0576211,,,,,,,,,,Mezzanine,C130151-03F11,,,"HVAC Monthly Preventative Maintenance, Full Service Coverage",3/31/2018,PRSCONT2012-022,PUR0765304,4/1/2013,5 Year,No,No,No,No,,In Service,11/4/2013 10:20,Import [COOLING],,,,,,,,,,,,,,,
,,,,,,,,,,,,,,,,,,,,Leverone Hall,Evanston,,No,No,19,E-2001 AIR CONDITIONER-4  [Cooling 29-19],29-19,Cooling,Challenger A/C,,,,NUIT-CI-SO,,,No,No,,,,,,,7/16/2015 12:09,Import [Cooling Warranty & Service Import],,Emerson/Liebert,,BE061G-CA004068,E-2001 AIR CONDITIONER-4,,,,,PUR0576211,,,,,,,,,,UPS Room,874068-005,,,"HVAC Monthly Preventative Maintenance, Full Service Coverage",3/31/2018,PRSCONT2012-022,PUR0765304,4/1/2013,5 Year,No,No,No,No,,In Service,11/4/2013 10:20,Import [COOLING],,,,,,,,,,,,,,,
,,,,,,,,,,,,,,,,,,,,Leverone Hall,Evanston,,No,No,20,E-2001 AIR CONDITIONER-5  [Cooling 29-20],29-20,Cooling,Challenger A/C,,,,NUIT-CI-SO,,,No,No,,,,,,,7/16/2015 12:09,Import [Cooling Warranty & Service Import],,Emerson/Liebert,,BE061G-CA004068,E-2001 AIR CONDITIONER-5,,,,,PUR0576211,,,,,,,,,,UPS Room,874068-004,,,"HVAC Monthly Preventative Maintenance, Full Service Coverage",3/31/2018,PRSCONT2012-022,PUR0765304,4/1/2013,5 Year,No,No,No,No,,In Service,11/4/2013 10:20,Import [COOLING],,,,,,,,,,,,,,,
,,,,,,,,,,,,,,,,,,,,Leverone Hall,Evanston,,No,No,21,E-2001 AIR CONDITIONER-6  [Cooling 29-21],29-21,Cooling,Challenger A/C,,,,NUIT-CI-SO,,,No,No,,,,,,,7/16/2015 12:09,Import [Cooling Warranty & Service Import],,Emerson/Liebert,,BU046WGAA00148,E-2001 AIR CONDITIONER-6,,,,,PUR0576211,,,,,,,,,,Lab,891488-001,,,"HVAC Monthly Preventative Maintenance, Full Service Coverage",3/31/2018,PRSCONT2012-022,PUR0765304,4/1/2013,5 Year,No,No,No,No,,In Service,11/4/2013 10:20,Import [COOLING],,,,,,,,,,,,,,,
,,,,,,,,,,,,,,,,,,,,Leverone Hall,Evanston,,No,No,22,E-2001 AIR CONDITIONER-1  [Cooling 29-22],29-22,Cooling,Deluxe A/C,,,,NUIT-CI-SO,,,No,No,,,,,,,7/16/2015 12:09,Import [Cooling Warranty & Service Import],,Emerson/Liebert,,VE192G-CA014068,E-2001 AIR CONDITIONER-1,,,,,PUR0576211,,,,,,,,,,Switch Room,874068-003,,,"HVAC Monthly Preventative Maintenance, Full Service Coverage",3/31/2018,PRSCONT2012-022,PUR0765304,4/1/2013,5 Year,No,No,No,No,,In Service,11/4/2013 10:20,Import [COOLING],,,,,,,,,,,,,,,
,,,,,,,,,,,,,,,,,,,,Leverone Hall,Evanston,,No,No,23,E-2001 AIR CONDITIONER-2  [Cooling 29-23],29-23,Cooling,Deluxe A/C,,,,NUIT-CI-SO,,,No,No,,,,,,,7/16/2015 12:09,Import [Cooling Warranty & Service Import],,Emerson/Liebert,,VE116G-CA014068,E-2001 AIR CONDITIONER-2,,,,,PUR0576211,,,,,,,,,,Switch Room,874068-001,,,"HVAC Monthly Preventative Maintenance, Full Service Coverage",3/31/2018,PRSCONT2012-022,PUR0765304,4/1/2013,5 Year,No,No,No,No,,In Service,11/4/2013 10:20,Import [COOLING],,,,,,,,,,,,,,,
,,,,,,,,,,,,,,,,,,,,Leverone Hall,Evanston,,No,No,24,E-2001 AIR CONDITIONER-3  [Cooling 29-24],29-24,Cooling,Deluxe A/C,,,,NUIT-CI-SO,,,No,No,,,,,,,7/16/2015 12:09,Import [Cooling Warranty & Service Import],,Emerson/Liebert,,VE116G-CA014068,E-2001 AIR CONDITIONER-3,,,,,PUR0576211,,,,,,,,,,Switch Room,874068-002,,,"HVAC Monthly Preventative Maintenance, Full Service Coverage",3/31/2018,PRSCONT2012-022,PUR0765304,4/1/2013,5 Year,No,No,No,No,,In Service,11/4/2013 10:20,Import [COOLING],,,,,,,,,,,,,,,
,,,,,,,,,,,,,,,,,,,,Technological Institute,Evanston,,No,No,25,LG87 EXHAUST FAN  [Cooling 29-25],29-25,Cooling,Exhaust Fan,,,,NUIT-CI-SO,,,No,No,,,,,,,7/16/2015 12:09,Import [Cooling Warranty & Service Import],,Cook,,120SQN,LG87 EXHAUST FAN,,,,,PUR0576211,,,,,,,,,,LG87,701,,,"HVAC Monthly Preventative Maintenance, Full Service Coverage",3/31/2018,PRSCONT2012-022,PUR0765304,4/1/2013,5 Year,No,No,No,No,,In Service,11/4/2013 10:20,Import [COOLING],,,,,,,,,,,,,,,
,,,,,,,,,,,,,,,,,,,,Technological Institute,Evanston,,No,No,26,LG87 HUMIDIFIER  [Cooling 29-26],29-26,Cooling,Humidifier,,,,NUIT-CI-SO,,,No,No,,,,,,,7/17/2015 14:44,pks792,,Stultz,,BNU-6000,LG87 HUMIDIFIER,,,,,PUR0576211,,,,,,,,,,LG87,,,,"HVAC Monthly Preventative Maintenance, Full Service Coverage",3/31/2018,PRSCONT2012-022,PUR0765304,4/1/2013,5 Year,No,No,No,No,,In Service,11/4/2013 10:20,Import [COOLING],,,,,,,,,,,,,,,
,,,,,,,,,,,,,,,,,,,,2020 RIDGE AV,Evanston,,No,No,27,E-2020 AC-11  [Cooling 29-27],29-27,Cooling,Air Cooled 30-ton CRAC,,,,NUIT-CI-SO,,,No,No,,,,,,,7/16/2015 12:09,Import [Cooling Warranty & Service Import],,Emerson/Liebert,,DS105AUAOE1029A,E-2020 AC-11,,,,,PUR0576211,,,,,,,,,,172,C08G8E0087,,,"HVAC Monthly Preventative Maintenance, Full Service Coverage",3/31/2018,PRSCONT2012-022,PUR0765304,4/1/2013,5 Year,No,No,No,No,,In Service,11/4/2013 10:20,Import [COOLING],,,,,,,,,,,,,,,
,,,,,,,,,,,,,,,,,,,,Abbott Hall,Chicago,,No,No,77,C-710 CHILLER - 3  [Cooling 29-77],29-77,Cooling,Chiller,,,,NUIT-CI-SO,,,No,No,,,,,,,8/4/2016 9:48,pks792,,Carrier,,30RAP0556J-0CF10,C-710 CHILLER - 3,,,,,PUR0991033,,,,,,,,,,Roof,2516Q56957,,,"HVAC Monthly Preventative Maintenance, Full Service Coverage",3/31/2018,PRSCONT2012-022,PUR0576211,4/1/2013,5 Year,No,No,No,No,,In Service,8/4/2016 9:48,pks792,,,,,,,,,,,,,,,
,,,,,,,,,,,,,,,,,,,,Abbott Hall,Chicago,,No,No,80,C710 AC-2-6  [Cooling 29-80],29-80,Cooling,DS 30-ton CW Unit,,,,NUIT-CI-SO,,,No,No,,,,,,,2/14/2017 11:32,pks792,,Emerson/Liebert,,CW084DC1A2S724,C710 AC-2-6,,,,,PUR1080471,,,,,,,,,,245,N17A150017,,,,,,,,,No,No,No,No,,In Service,2/14/2017 11:32,pks792,,,,,,,,,,,,,,,
,,,,,,,,,,,,,,,,,,,,Technological Institute,Evanston,,No,No,81,VFD-1  [Cooling 29-81],29-81,Cooling,Exhaust Fan,,,,NUIT-CI-SO,,,No,No,,,,,,,4/14/2017 15:28,pks792,,,,7.5hP,VFD-1,,,,,,,,,,,,,,,LG87 Moat,213F08284,,,,,,,,,No,No,No,No,,In Service,4/14/2017 15:28,pks792,,,,,,,,,,,,,,,
,,,,,,,,,,,,,,,,,,,,Technological Institute,Evanston,,No,No,84,CHWP-2  [Cooling 29-84],29-84,Cooling,Chilled Water Deluxe,,,,NUIT-CI-SO,,,No,No,,,,,,,4/14/2017 15:40,pks792,,,,09704268-100,CHWP-2,,,,,,,,,,,,,,,LG87 Moat,N/A,,,,,,,,,No,No,No,No,,In Service,4/14/2017 15:40,pks792,,,,,,,,,,,,,,,
,,,,,,,,,,,,,,,,,,,,Technological Institute,Evanston,,No,No,83,CHWP-1  [Cooling 29-83],29-83,Cooling,Chilled Water Deluxe,,,,NUIT-CI-SO,,,No,No,,,,,,,4/14/2017 15:32,pks792,,,,09704268-100,CHWP-1,,,,,,,,,,,,,,,LG87 Moat,N/A,,,,,,,,,No,No,No,No,,In Service,4/14/2017 15:32,pks792,,,,,,,,,,,,,,,
,,,,,,,,,,,,,,,,,,,,Technological Institute,Evanston,,No,No,82,VFD-2  [Cooling 29-82],29-82,Cooling,Exhaust Fan,,,,NUIT-CI-SO,,,No,No,,,,,,,4/14/2017 15:30,pks792,,,,7.5hP,VFD-2,,,,,,,,,,,,,,,LG87 Moat,211250xxxx,,,,,,,,,No,No,No,No,,In Service,4/14/2017 15:30,pks792,,,,,,,,,,,,,,,
,,,,,,,,,,,,,,,,,,,,Abbott Hall,Chicago,,No,No,85,C-710 CHILLER - 4  [Cooling 29-85],29-85,Cooling,Chiller,,,,NUIT-CI-SO,,,No,No,,,,,,,4/26/2017 16:58,pks792,,Carrier,,30RBB08064-LG83L,C-710 CHILLER - 4,,,,,,,,,,,,,,,Roof,2511Q76025,,,,,,,,,No,No,No,No,,In Service,4/26/2017 16:57,pks792,,,,,,,,,,,,,,,
,,,,,,,,,,,,,,,,,,,,Abbott Hall,Chicago,,No,No,86,C-710 AC B-4  [Cooling 29-86],29-86,Cooling,Chilled Water Challenger,,,,NUIT-CI-SO,,,No,No,,,,,,,5/19/2017 17:02,pks792,,Emerson/Liebert,,PW0291C1A2S933,C-710 AC B-4,,,,,PUR118049,,,,,,,,,,Basement,Y17D6S0008,,,,,,,,,No,No,No,No,,In Service,5/19/2017 17:02,pks792,,,,,,,,,,,,,,,
,,,,,,,,,,,,,,,,,,,,2020 RIDGE AV,Evanston,,No,No,78,E-2020 AC-05  [Cooling 29-78],29-78,Cooling,DSE 44-ton CRAC Unit,,,,NUIT-CI-SO,,,No,No,,,,,,,8/19/2016 16:47,pks792,,,,DA125DP1AT802S,E-2020 AC-05,,,,,PUR1018535,,,,,,,,,,172,C16FCE0017,,,,,,,,,No,No,No,No,,In Service,8/16/2016 16:57,pks792,,,,,,,,,,,7/15/2021,,,7/16/2016,5-Year
,,,,,,,,,,,,,,,,,,,,2020 RIDGE AV,Evanston,,No,No,79,E-2020 AC-09  [Cooling 29-79],29-79,Cooling,DSE 44-ton CRAC Unit,,,,NUIT-CI-SO,,,No,No,,,,,,,8/19/2016 16:47,pks792,,,,DA125DP1AT802S,E-2020 AC-09,,,,,PUR1018535,,,,,,,,,,172,C16FCE0018,,,,,,,,,No,No,No,No,,In Service,8/16/2016 16:59,pks792,,,,,,,,,,,7/15/2021,,,7/16/2016,5-Year
,,,,,,,,,,,,,,,,,EV3700-3_pool1_V03,,,2020 RIDGE AV,Evanston,INFRASTRUCTURE,No,No,1542,ci4crdb  [Server 1-1542],1-1542,Server,,2,,,NUIT-CI-SO-ServiceOperations,NUIT-CI-SO-ServiceOperations,11.99 GB; 4.00 GB; 100.00 GB,No,No,,First,evesx03.ci.northwestern.edu,4/12/2010,,129.105.106.43,8/18/2014 23:26,dnielsen,,VMware,6144,,ci4crdb,ci4crdb.itcs.northwestern.edu,,,Microsoft Windows Server 2003 (32-bit),,,,,Foreseer Monitoring System,,,,,,172,,Virtual,,,,,,,,No,No,No,No,,Out of Service,11/7/2013 13:48,Import [Import_devices_from_cmdbstaging.newest_device_details],,1/1/1900,,,,,,,,,,1/1/1900,,,
,,,,,,,,,,,,,,,,,EVCX41-VM03-02B,,,2020 RIDGE AV,Evanston,INFRASTRUCTURE,No,No,1543,CI4CRP2 [Server 1-1543],1-1543,Server,,2,,,NUIT-CI-SO-ServiceOperations,NUIT_CI_SO_ServiceOperations,11.99 GB; 12.00 GB; 8.00 GB,No,No,,First,evesx40.ci.northwestern.edu,7/1/2010,,129.105.106.38,3/17/2014 23:26,Import [Import_devices_from_cmdbstaging.newest_device_details],,VMware,2048,,ci4crp2,ci4crp2.ads.northwestern.edu,,,Microsoft Windows Server 2003 (32-bit),,,,,Foreseer Monitoring System,,,,,,172,,Virtual,,,,,,,,No,No,No,No,,Out of Service,11/7/2013 13:48,Import [Import_devices_from_cmdbstaging.newest_device_details],,1/1/1900,,,,,,,,,,1/1/1900,,,
,,,,,,,,,,,,,,,,,EV3700-3_pool1_V10,,,2020 RIDGE AV,Evanston,INFRASTRUCTURE,No,No,1513,CI4CRP4 [Server 1-1513],1-1513,Server,,2,,,NUIT-CI-SO-ServiceOperations,NUIT_CI_SO_ServiceOperations,100.00 GB; 4.00 GB; 18.00 GB; 250.00 GB,No,No,,First,evesx39.ci.northwestern.edu,4/12/2010,,129.105.106.78,3/17/2014 23:26,Import [Import_devices_from_cmdbstaging.newest_device_details],,VMware,4096,,ci4crp4,ci4crp4.ads.northwestern.edu,,,Microsoft Windows Server 2003 (32-bit),,,,,Foreseer Monitoring System,,,,,,172,,Virtual,,,,,,,,No,No,No,No,,Out of Service,11/7/2013 13:48,Import [Import_devices_from_cmdbstaging.newest_device_details],,1/1/1900,,,,,,,,,,1/1/1900,,,
,,,,,,,,,,,,,,,,,,,,2020 RIDGE AV,Evanston,,No,No,4467,hertz  [Server 1-4467],Jan-67,Server,,,,,NUIT-CI-SO-ServiceOperations,NUIT-CI-SO-ServiceOperation,,No,No,,First,,,,,8/18/2017 23:26,asa729.a,,Dell,,PowerEdge R710,hertz,,,,,,,Dan Daley,,ZABBIX MONITORING,,,4/10/2010,P52,34,172,CSXBBM1,Physical,,,,,,,,No,No,No,No,,In Service,6/23/2015 20:24,Import [Import_devices_from_cmdbstaging.newest_device_details],,1/1/1900,,,,,,,,,,,,,
,,,,,,,,,,,,,,,,,EVCX41-VM02-02A,,,2020 RIDGE AV,Evanston,INFRASTRUCTURE,No,No,2372,ci4crp5 [Server 1-2372],Jan-72,Server,,1,,,NUIT-CI-SO-ServiceOperations,NUIT_CI_SO_ServiceOperations,31.90 GB; 2.00 GB; 40.00 GB,No,No,,First,evesx38.ci.northwestern.edu,6/14/2011,,129.105.106.45,12/4/2013 20:00,Import [Import_devices_from_cmdbstaging.newest_device_details],,VMware,2048,,ci4crp5,ci4crp5.ci.northwestern.edu,,,Microsoft Windows Server 2008 R2 (64-bit),,,,,Foreseer Monitoring System,,,,,,172,,Virtual,,,,,,,,No,No,No,No,,Out of Service,11/7/2013 13:48,Import [Import_devices_from_cmdbstaging.newest_device_details],,1/1/1900,,,,,,,,,,1/1/1900,,,
,,,,,,,,,,,,,,,,,EV3700-1_pool2_V07,,,2020 RIDGE AV,Evanston,INFRASTRUCTURE,No,No,2371,ci4crp3 [Server 1-2371],Jan-71,Server,,2,,,NUIT-CI-SO-ServiceOperations,NUIT_CI_SO_ServiceOperations,11.99 GB; 4.00 GB; 50.00 GB,No,No,,First,evesx13.ci.northwestern.edu,3/1/2010,,129.105.106.63,12/4/2013 20:00,Import [Import_devices_from_cmdbstaging.newest_device_details],,VMware,3072,,ci4crp3,ci4crp3.ads.northwestern.edu,,,Microsoft Windows Server 2003 (32-bit),,,,,Foreseer Monitoring System,,,,,,172,,Virtual,,,,,,,,No,No,No,No,,Out of Service,11/7/2013 13:48,Import [Import_devices_from_cmdbstaging.newest_device_details],,1/1/1900,,,,,,,,,,1/1/1900,,,
,,,,,,,,,,,,,,,,,EV3700-3_pool1_V09,,,2020 RIDGE AV,Evanston,INFRASTRUCTURE,No,No,1609,CYBERWEB [Server 1-1609],1-1609,Server,,1,,,NUIT-CI-SO-ServiceOperations,NUIT-CI-SO-ServiceOperation,C:\ (11.99 GB); E:\ (12.00 GB); F:\ (8.00 GB),No,No,,First,evesx41.,2/26/2009,,"129.105.215.202, 129.105.215.21",10/29/2015 23:26,Import [Import_devices_from_cmdbstaging.newest_device_details],,VMware,768,,cyberweb,"cyberweb.itcs.northwestern.edu, cyberweb2.itcs.northwestern.edu",,,Microsoft Windows Server 2003 (32-bit),,,,,Proxy Foreseer/Web Procy for Quest Ganglia/Warroom Caesar/SES Dashboards WEB,,,,,,172,,Virtual,,,,,,,,No,No,No,No,,Out of Service,11/7/2013 13:48,Import [Import_devices_from_cmdbstaging.newest_device_details],,1/1/1900,,,,,,,,,,1/1/1900,,,
,,,,,,,,,,,,,,,,,,24,,Robert H Lurie Medical Research Center,Chicago,,No,No,1,C-Lurie Sageon Sentry 450A DC Plant  [Power 28-1],28-1,Power,,,,,NUIT-CI-SO,,,No,No,,,,,,,7/10/2015 9:55,Import [Power Warranty & Service Import],,C&D/Powercom,,C&D AT-27 48V 1 String,C-Lurie Sageon Sentry 450A DC Plant,,,1,,,,,DC Rectifier Plant and Batteries,,,,,,,B105,CPS0508805,,,"1 Preventatvie Maintenance, 1 Load Bank Test, 4 Battery String Tests",2/9/2016,NU-1502-06 Rev 1,PUR0819814,2/10/2015,1 Year,No,No,No,No,,In Service,11/4/2013 10:19,Import [POWER],,,,,,,,,,,,,,,
,,,,,,,,,,,,,,,,,,24,,750 N LAKE SHORE DR,Chicago,,No,No,2,C-750 Sageon Sentry 450A DC Plant  [Power 28-2],28-2,Power,,,,,NUIT-CI-SO,,,No,No,,,,,,,7/10/2015 9:55,Import [Power Warranty & Service Import],,C&D/Powercom,,C&D AT-27 48V 1 String,C-750 Sageon Sentry 450A DC Plant,,,1,,,,,DC Rectifier Plant and Batteries,,,,,,,,APS0614200,,,"1 Preventatvie Maintenance, 1 Load Bank Test, 4 Battery String Tests",2/9/2016,NU-1502-05 Rev 1,PUR0819774,2/10/2015,1 Year,No,No,No,No,,In Service,11/4/2013 10:19,Import [POWER],,,,,,,,,,,,,,,
,,,,,,,,,,,,,,,,,,24,,Abbott Hall,Chicago,,No,No,3,C-710 VORTEX (7) 200A  DC Plant A  [Power 28-3],28-3,Power,,,,,NUIT-CI-SO,,,No,No,,,,,,,7/10/2015 9:55,Import [Power Warranty & Service Import],,Emerson/Lorain,,LPS48E1 582140000,C-710 VORTEX (7) 200A  DC Plant A,,,2,,,,,DC Rectifier Plant and Batteries,,,,,,,112A,2619350,,,"1 Preventatvie Maintenance, 1 Load Bank Test, 4 Battery String Tests",12/1/2015,NU-1408-02 Rev 3,PUR0802587,12/2/2014,1 Year,No,No,No,No,,In Service,11/4/2013 10:19,Import [POWER],,,,,,,,,,,,,,,
,,,,,,,,,,,,,,,,,,24,,Abbott Hall,Chicago,,No,No,4,C-710 VORTEX (7) 200A  DC Plant B  [Power 28-4],28-4,Power,,,,,NUIT-CI-SO,,,No,No,,,,,,,7/10/2015 9:55,Import [Power Warranty & Service Import],,Emerson/Lorain,,LPS48E1 582140000,C-710 VORTEX (7) 200A  DC Plant B,,,2,,,,,DC Rectifier Plant and Batteries,,,,,,,112A,2619351,,,"1 Preventatvie Maintenance, 1 Load Bank Test, 4 Battery String Tests",12/1/2015,NU-1408-02 Rev 3,PUR0802587,12/2/2014,1 Year,No,No,No,No,,In Service,11/4/2013 10:19,Import [POWER],,,,,,,,,,,,,,,
,,,,,,,,,,,,,,,,,,,,Abbott Hall,Chicago,,No,No,5,C-710 CUP 150kW Generator  [Power 28-5],28-5,Power,,,,,NUIT-CI-SO,,,No,No,,,,,,,11/4/2013 10:19,Import [POWER],,Caterpillar,,SR4,C-710 CUP 150kW Generator,,,,,,,,Generator,,,,,,,Parking Lot,6JA00712,,,,,,,,,No,No,No,No,,In Service,11/4/2013 10:19,Import [POWER],,,,,,,,,,,,,,,
,,,,,,,,,,,,,,,,,,,,Abbott Hall,Chicago,,No,No,6,C-710 NUIT 750kW Generator  [Power 28-6],28-6,Power,,,,,NUIT-CI-SO,,,No,No,,,,,,,10/26/2016 15:47,pks792,,Caterpillar,,SR4,C-710 NUIT 750kW Generator,,,,,,,,Generator,,,,,,,Parking Lot,6EJ00536,,,,,,,,,No,No,No,No,,Out of Service,11/4/2013 10:19,Import [POWER],,,,,,,,,,,,,,,
,,,,,,,,,,,,,,,,,,,,Leverone Hall,Evanston,,No,No,7,E-2001 ATS-1  [Power 28-7],28-7,Power,,,,,NUIT-CI-SO,,,No,No,,,,,,,11/4/2013 10:19,Import [POWER],,ASCO,,H7ACTBA30800C5XC,E-2001 ATS-1,,,,,,,,Auto Transfer Switch,,,,,,,G364A,347910-001 FP,,,,,,,,,No,No,No,No,,In Service,11/4/2013 10:19,Import [POWER],,,,,,,,,,,,,,,
,,,,,,,,,,,,,,,,,,,,Leverone Hall,Evanston,,No,No,8,E-2001 ATS-2  [Power 28-8],28-8,Power,,,,,NUIT-CI-SO,,,No,No,,,,,,,11/4/2013 10:19,Import [POWER],,ASCO,,H7ACTBA30800C5XC,E-2001 ATS-2,,,,,,,,Auto Transfer Switch,,,,,,,G364A,347910-002 FP,,,,,,,,,No,No,No,No,,In Service,11/4/2013 10:19,Import [POWER],,,,,,,,,,,,,,,
,,,,,,,,,,,,,,,,,,,,Leverone Hall,Evanston,,No,No,9,E-2001 ATS-KGSM  [Power 28-9],28-9,Power,,,,,NUIT-CI-SO,,,No,No,,,,,,,3/26/2015 11:18,Approval,,ASCO,,E7ACTBA30400C5XC,E-2001 ATS-KGSM,,,,,,,,Auto Transfer Switch,,,,,,,G182,347911,,,,,,,,,No,No,No,No,,In Service,11/4/2013 10:19,Import [POWER],,,,,,,,,,,,,,,
,,,,,,,,,,,,,,,,,,,,Leverone Hall,Evanston,,No,No,10,E-2001 ATS-RADIO TOWER  [Power 28-10],28-10,Power,,,,,NUIT-CI-SO,,,No,No,,,,,,,11/4/2013 10:19,Import [POWER],,ASCO,,D00300030070C1XC,E-2001 ATS-RADIO TOWER,,,,,,,,Auto Transfer Switch,,,,,,,G364A,360089-005 RE,,,,,,,,,No,No,No,No,,In Service,11/4/2013 10:19,Import [POWER],,,,,,,,,,,,,,,
,,,,,,,,,,,,,,,,,,24,,Technological Institute,Evanston,,No,No,11,E-2145 Sageon Sentry 450A DC Plant B  [Power 28-11],28-11,Power,,,,,NUIT-CI-SO,,,No,No,,,,,,,7/12/2017 15:02,pks792,,C&D/Powercom,,C&D AT-27 48V 1 String,E-2145 Sageon Sentry 450A DC Plant B,,,1,,,,,DC Rectifier Plant and Batteries,,,,,,,LB15,EPS0509914,,,"1 Preventatvie Maintenance, 1 Load Bank Test, 4 Battery String Tests",2/9/2016,NU-1502-02 Rev 1,PUR0819652,2/10/2015,1 Year,No,No,No,No,,In Service,11/4/2013 10:19,Import [POWER],,,,,,,,,,,,,,,
,,,,,,,,,,,,,,,,,,24,,Kresge Underground,Evanston,,No,No,12,E-1855 Sageon Sentry 450A DC Plant  [Power 28-12],28-12,Power,,,,,NUIT-CI-SO,,,No,No,,,,,,,7/10/2015 9:55,Import [Power Warranty & Service Import],,C&D/Powercom,,C&D AT-27 48V 1 String,E-1855 Sageon Sentry 450A DC Plant,,,1,,,,,DC Rectifier Plant and Batteries,,,,,,,,APS0614199,,,"1 Preventatvie Maintenance, 1 Load Bank Test, 4 Battery String Tests",2/9/2016,NU-1502-03 Rev 1,PUR0819755,2/10/2015,1 Year,No,No,No,No,,In Service,11/4/2013 10:19,Import [POWER],,,,,,,,,,,,,,,
,,,,,,,,,,,,,,,,,,24,,Technological Institute,Evanston,,No,No,13,E-2145 Sageon Sentry 450A DC Plant A  [Power 28-13],28-13,Power,,,,,NUIT-CI-SO,,,No,No,,,,,,,7/12/2017 15:05,pks792,,C&D/Powercom,,C&D AT-27 48V 1 String,E-2145 Sageon Sentry 450A DC Plant A,,,1,,,,,DC Rectifier Plant and Batteries,,,,,,,LB15,APS0614201,,,"1 Preventatvie Maintenance, 1 Load Bank Test, 4 Battery String Tests",2/9/2016,NU-1502-04 Rev 1,PUR0819835,2/10/2015,1 Year,No,No,No,No,,In Service,11/4/2013 10:19,Import [POWER],,,,,,,,,,,,,,,
,,,,,,,,,,,,,,,,,,24,,Leverone Hall,Evanston,,No,No,14,E-2001 VORTEX (5) 200A DC PLANT A  [Power 28-14],28-14,Power,,,,,NUIT-CI-SO,,,No,No,,,,,,,7/10/2015 9:55,Import [Power Warranty & Service Import],,Emerson/Lorain,,LPS48E1 582140000,E-2001 VORTEX (5) 200A DC PLANT A,,,2,,,,,DC Rectifier Plant and Batteries,,,,,,,G364A,3819412,,,"1 Preventatvie Maintenance, 1 Load Bank Test, 4 Battery String Tests",12/1/2015,NU-1408-01 Rev 3,PUR0796829,12/2/2014,1 Year,No,No,No,No,,In Service,11/4/2013 10:19,Import [POWER],,,,,,,,,,,,,,,
,,,,,,,,,,,,,,,,,,24,,Leverone Hall,Evanston,,No,No,15,E-2001 VORTEX (5) 200A DC PLANT B  [Power 28-15],28-15,Power,,,,,NUIT-CI-SO,,,No,No,,,,,,,7/10/2015 9:55,Import [Power Warranty & Service Import],,Emerson/Lorain,,LPS48E1 582140000,E-2001 VORTEX (5) 200A DC PLANT B,,,2,,,,,DC Rectifier Plant and Batteries,,,,,,,G364A,3819413,,,"1 Preventatvie Maintenance, 1 Load Bank Test, 4 Battery String Tests",12/1/2015,NU-1408-01 Rev 3,PUR0796829,12/2/2014,1 Year,No,No,No,No,,In Service,11/4/2013 10:19,Import [POWER],,,,,,,,,,,,,,,
,,,,,,,,,,,,,,,,,,,,Leverone Hall,Evanston,,No,No,16,E-2001 Generator  [Power 28-16],28-16,Power,,,,,NUIT-CI-SO,,,No,No,,,,,,,11/4/2013 10:19,Import [POWER],,Generac,,6798020100,E-2001 Generator,,,,,,,,Generator,,,,,,,Loading Dock,2089404,,,,,,,,,No,No,No,No,,In Service,11/4/2013 10:19,Import [POWER],,,,,,,,,,,,,,,
,,,,,,,,,,,,,,,,,,,,2020 RIDGE AV,Evanston,,No,No,18,E-2020 PDR-E12  [Power 28-18],28-18,Power,,,,,NUIT-CI-SO,,,No,No,,,,,,,7/10/2015 9:55,Import [Power Warranty & Service Import],,Eaton/Powerware,,253045-001,E-2020 PDR-E12,,,,,,,,PDR,,,,,,,172,EC504RXX11,,,"4-Hr Response, 7x24 Coverage",10/31/2015,127363,PUR0794280,4/9/2015,6 Months 22 Days,No,No,No,No,,In Service,11/4/2013 10:19,Import [POWER],,,,,,,,,,,,,,,
,,,,,,,,,,,,,,,,,,,,2020 RIDGE AV,Evanston,,No,No,19,E-2020 PDR-N7  [Power 28-19],28-19,Power,,,,,NUIT-CI-SO,,,No,No,,,,,,,7/10/2015 9:55,Import [Power Warranty & Service Import],,Eaton/Powerware,,253045-001,E-2020 PDR-N7,,,,,,,,PDR,,,,,,,172,EC151RXX26,,,"4-Hr Response, 7x24 Coverage",10/31/2015,127363,PUR0794280,11/8/2014,11 Months 23 Days,No,No,No,No,,In Service,11/4/2013 10:19,Import [POWER],,,,,,,,,,,,,,,
,,,,,,,,,,,,,,,,,,,,2020 RIDGE AV,Evanston,,No,No,20,E-2020 PDR-O7  [Power 28-20],28-20,Power,,,,,NUIT-CI-SO,,,No,No,,,,,,,7/10/2015 9:55,Import [Power Warranty & Service Import],,Eaton/Powerware,,253045-001,E-2020 PDR-O7,,,,,,,,PDR,,,,,,,172,EC504RXX07,,,"4-Hr Response, 7x24 Coverage",10/31/2015,127363,PUR0794280,4/9/2015,6 Months 22 Days,No,No,No,No,,In Service,11/4/2013 10:19,Import [POWER],,,,,,,,,,,,,,,
,,,,,,,,,,,,,,,,,,,,2020 RIDGE AV,Evanston,,No,No,21,E-2020 PDR-Q58  [Power 28-21],28-21,Power,,,,,NUIT-CI-SO,,,No,No,,,,,,,7/10/2015 9:55,Import [Power Warranty & Service Import],,Eaton/Powerware,,253045-001,E-2020 PDR-Q58,,,,,,,,PDR,,,,,,,172,EC151RXX24,,,"4-Hr Response, 7x24 Coverage",10/31/2015,127363,PUR0794280,11/8/2014,11 Months 23 Days,No,No,No,No,,In Service,11/4/2013 10:19,Import [POWER],,,,,,,,,,,,,,,
,,,,,,,,,,,,,,,,,,,,2020 RIDGE AV,Evanston,,No,No,22,E-2020 PDR-Q7  [Power 28-22],28-22,Power,,,,,NUIT-CI-SO,,,No,No,,,,,,,7/10/2015 13:40,pks792,,Eaton/Powerware,,253045-001,E-2020 PDR-Q7,,,,,,,,PDR,,,,,,,172,EC504RXX06,,,"4-Hr Response, 7x24 Coverage",10/31/2015,127363,PUR0794280,4/9/2015,6 Months 22 Days,No,No,No,No,,In Service,11/4/2013 10:19,Import [POWER],,,,,,,,,,,,,,,
,,,,,,,,,,,,,,,,,,,,2020 RIDGE AV,Evanston,,No,No,23,E-2020 PDR-R7  [Power 28-23],28-23,Power,,,,,NUIT-CI-SO,,,No,No,,,,,,,7/10/2015 9:55,Import [Power Warranty & Service Import],,Eaton/Powerware,,253045-001,E-2020 PDR-R7,,,,,,,,PDR,,,,,,,172,EC504RXX09,,,"4-Hr Response, 7x24 Coverage",10/31/2015,127363,PUR0794280,4/9/2015,6 Months 22 Days,No,No,No,No,,In Service,11/4/2013 10:19,Import [POWER],,,,,,,,,,,,,,,
,,,,,,,,,,,,,,,,,,,,2020 RIDGE AV,Evanston,,No,No,24,E-2020 PDR-W34  [Power 28-24],28-24,Power,,,,,NUIT-CI-SO,,,No,No,,,,,,,7/10/2015 9:55,Import [Power Warranty & Service Import],,Eaton/Powerware,,253045-001,E-2020 PDR-W34,,,,,,,,PDR,,,,,,,172,EC504RXX08,,,"4-Hr Response, 7x24 Coverage",10/31/2015,127363,PUR0794280,4/9/2015,6 Months 22 Days,No,No,No,No,,In Service,11/4/2013 10:19,Import [POWER],,,,,,,,,,,,,,,
,,,,,,,,,,,,,,,,,,,,2020 RIDGE AV,Evanston,,No,No,25,E-2020 PDR-W39  [Power 28-25],28-25,Power,,,,,NUIT-CI-SO,,,No,No,,,,,,,7/10/2015 9:55,Import [Power Warranty & Service Import],,Eaton/Powerware,,253045-001,E-2020 PDR-W39,,,,,,,,PDR,,,,,,,172,EC504RXX10,,,"4-Hr Response, 7x24 Coverage",10/31/2015,127363,PUR0794280,4/9/2015,6 Months 22 Days,No,No,No,No,,In Service,11/4/2013 10:19,Import [POWER],,,,,,,,,,,,,,,
,,,,,,,,,,,,,,,,,,,,2020 RIDGE AV,Evanston,,No,No,26,E-2020 PDR-W43  [Power 28-26],28-26,Power,,,,,NUIT-CI-SO,,,No,No,,,,,,,7/10/2015 9:55,Import [Power Warranty & Service Import],,Eaton/Powerware,,253045-001,E-2020 PDR-W43,,,,,,,,PDR,,,,,,,172,EC151RXX23,,,"4-Hr Response, 7x24 Coverage",10/31/2015,127363,PUR0794280,11/8/2014,11 Months 23 Days,No,No,No,No,,In Service,11/4/2013 10:19,Import [POWER],,,,,,,,,,,,,,,
,,,,,,,,,,,,,,,,,,,,2020 RIDGE AV,Evanston,,No,No,27,E-2020 PDR-W48  [Power 28-27],28-27,Power,,,,,NUIT-CI-SO,,,No,No,,,,,,,7/10/2015 9:55,Import [Power Warranty & Service Import],,Eaton/Powerware,,253045-001,E-2020 PDR-W48,,,,,,,,PDR,,,,,,,172,EC151RXX25,,,"4-Hr Response, 7x24 Coverage",10/31/2015,127363,PUR0794280,11/8/2014,11 Months 23 Days,No,No,No,No,,In Service,11/4/2013 10:19,Import [POWER],,,,,,,,,,,,,,,
,,,,,,,,,,,,,,,,,,,,2020 RIDGE AV,Evanston,,No,No,28,E-2020 PDR-W62  [Power 28-28],28-28,Power,,,,,NUIT-CI-SO,,,No,No,,,,,,,7/10/2015 9:55,Import [Power Warranty & Service Import],,Eaton/Powerware,,253045-001,E-2020 PDR-W62,,,,,,,,PDR,,,,,,,172,EC082RXX01,,,"4-Hr Response, 7x24 Coverage",10/31/2015,127363,PUR0794280,3/3/2015,7 Months 29 Days,No,No,No,No,,In Service,11/4/2013 10:19,Import [POWER],,,,,,,,,,,,,,,
,,,,,,,,,,,,,,,,,,,,2020 RIDGE AV,Evanston,,No,No,29,E-2020 PDU-DC-1  [Power 28-29],28-29,Power,,,,,NUIT-CI-SO,,,No,No,,,,,,,7/10/2015 9:55,Import [Power Warranty & Service Import],,Eaton/Powerware,,297239-001,E-2020 PDU-DC-1,,,,,,,,PDU,,,,,,,184,EC495RXX05,,,"4-Hr Response, 7x24 Coverage",10/31/2015,127349,PUR0794243,4/7/2015,6 Months 24 Days,No,No,No,No,,In Service,11/4/2013 10:19,Import [POWER],,,,,,,,,,,,,,,
,,,,,,,,,,,,,,,,,,,,2020 RIDGE AV,Evanston,,No,No,30,E-2020 PDU-DC-2  [Power 28-30],28-30,Power,,,,,NUIT-CI-SO,,,No,No,,,,,,,7/10/2015 9:55,Import [Power Warranty & Service Import],,Eaton/Powerware,,297239-001,E-2020 PDU-DC-2,,,,,,,,PDU,,,,,,,184,EC495RXX06,,,"4-Hr Response, 7x24 Coverage",10/31/2015,127349,PUR0794243,4/7/2015,6 Months 24 Days,No,No,No,No,,In Service,11/4/2013 10:19,Import [POWER],,,,,,,,,,,,,,,
,,,,,,,,,,,,,,,,,,,,2020 RIDGE AV,Evanston,,No,No,31,E-2020 PDU-DC-5  [Power 28-31],28-31,Power,,,,,NUIT-CI-SO,,,No,No,,,,,,,3/23/2017 14:06,pks792,,Eaton/Powerware,,297239-001,E-2020 PDU-DC-5,,,,,,,,PDU,,,,,,,184,EB526RXX01,,,"4-Hr Response, 7x24 Coverage",10/31/2015,127349,PUR0794243,3/3/2015,7 Months 29 Days,No,No,No,No,,Out of Service,11/4/2013 10:19,Import [POWER],,,,,,,,,,,,,,,
,,,,,,,,,,,,,,,,,,,,2020 RIDGE AV,Evanston,,No,No,32,E-2020 PDU-DC-6  [Power 28-32],28-32,Power,,,,,NUIT-CI-SO,,,No,No,,,,,,,7/10/2015 9:55,Import [Power Warranty & Service Import],,Eaton/Powerware,,297239-001,E-2020 PDU-DC-6,,,,,,,,PDU,,,,,,,184,EC182RXX06,,,"4-Hr Response, 7x24 Coverage",10/31/2015,127349,PUR0794243,7/1/2014,1 Year 4 Months,No,No,No,No,,In Service,11/4/2013 10:19,Import [POWER],,,,,,,,,,,,,,,
,,,,,,,,,,,,,,,,,,,,2020 RIDGE AV,Evanston,,No,No,33,E-2020 PDU-RS-1  [Power 28-33],28-33,Power,,,,,NUIT-CI-SO,,,No,No,,,,,,,7/10/2015 9:55,Import [Power Warranty & Service Import],,Eaton/Powerware,,297239-001,E-2020 PDU-RS-1,,,,,,,,PDU,,,,,,,184,EC495RXX03,,,"4-Hr Response, 7x24 Coverage",10/31/2015,127349,PUR0794243,4/7/2015,6 Months 24 Days,No,No,No,No,,In Service,11/4/2013 10:19,Import [POWER],,,,,,,,,,,,,,,
,,,,,,,,,,,,,,,,,,,,2020 RIDGE AV,Evanston,,No,No,34,E-2020 PDU-RS-2  [Power 28-34],28-34,Power,,,,,NUIT-CI-SO,,,No,No,,,,,,,7/10/2015 9:55,Import [Power Warranty & Service Import],,Eaton/Powerware,,297239-001,E-2020 PDU-RS-2,,,,,,,,PDU,,,,,,,184,EC495RXX04,,,"4-Hr Response, 7x24 Coverage",10/31/2015,127349,PUR0794243,4/7/2015,6 Months 24 Days,No,No,No,No,,In Service,11/4/2013 10:19,Import [POWER],,,,,,,,,,,,,,,
,,,,,,,,,,,,,,,,,,40,,2020 RIDGE AV,Evanston,,No,No,35,E-2020 A-UPM-1  [Power 28-35],28-35,Power,,,,,NUIT-CI-SO,,,No,No,,,,,,,2/9/2016 10:21,pks792,,Eaton/Powerware,,9390-160,E-2020 A-UPM-1,,,1,,,,,UPS 3 Phase and Batteries,,,,,,,184,EC494CBB15,,,"4-Hr Response, 7x24 Coverage",10/31/2015,127236,PUR0794176,4/7/2015,6 Months 24 Days,No,No,No,No,,In Service,11/4/2013 10:19,Import [POWER],,,,,,,,,,,,,,,
,,,,,,,,,,,,,,,,,,40,,2020 RIDGE AV,Evanston,,No,No,36,E-2020 A-UPM-2  [Power 28-36],28-36,Power,,,,,NUIT-CI-SO,,,No,No,,,,,,,2/9/2016 10:21,pks792,,Eaton/Powerware,,9390-160,E-2020 A-UPM-2,,,1,,,,,UPS 3 Phase and Batteries,,,,,,,184,EC501CBB06,,,"4-Hr Response, 7x24 Coverage",10/31/2015,127236,PUR0794176,4/7/2015,6 Months 24 Days,No,No,No,No,,In Service,11/4/2013 10:19,Import [POWER],,,,,,,,,,,,,,,
,,,,,,,,,,,,,,,,,,40,,2020 RIDGE AV,Evanston,,No,No,37,E-2020 A-UPM-3  [Power 28-37],28-37,Power,,,,,NUIT-CI-SO,,,No,No,,,,,,,2/9/2016 10:22,pks792,,Eaton/Powerware,,9390-160,E-2020 A-UPM-3,,,1,,,,,UPS 3 Phase and Batteries,,,,,,,184,EC494CBB03,,,"4-Hr Response, 7x24 Coverage",10/31/2015,127236,PUR0794176,4/7/2015,6 Months 24 Days,No,No,No,No,,In Service,11/4/2013 10:19,Import [POWER],,,,,,,,,,,,,,,
,,,,,,,,,,,,,,,,,,40,,Leverone Hall,Evanston,,No,No,38,E-2001 Liebert Npower 100kVA UPS-1  [Power 28-38],28-38,Power,,,,,NUIT-CI-SO,,,No,No,,,,,,,7/10/2015 9:55,Import [Power Warranty & Service Import],,Emerson/Liebert,,37SA100CCC6BF73,E-2001 Liebert Npower 100kVA UPS-1,,,2,,,,,UPS 3 Phase and Batteries,,,,,,,G364A,1359953,,,"Guaranteed 4-Hr on-site emergency response, 7 days/week, 24 hours/day",1/29/2016,Q02223748,PUR0795575,1/30/2015,1 year,No,No,No,No,,In Service,11/4/2013 10:19,Import [POWER],,,,,,,,,,,,,,,
,,,,,,,,,,,,,,,,,,40,,Leverone Hall,Evanston,,No,No,39,E-2001 Liebert Npower 100kVA UPS-2  [Power 28-39],28-39,Power,,,,,NUIT-CI-SO,,,No,No,,,,,,,7/10/2015 9:55,Import [Power Warranty & Service Import],,Emerson/Liebert,,37SA100CCC6BF73,E-2001 Liebert Npower 100kVA UPS-2,,,2,,,,,UPS 3 Phase and Batteries,,,,,,,G364A,1359954,,,"Guaranteed 4-Hr on-site emergency response, 7 days/week, 24 hours/day",1/29/2016,Q02223748,PUR0795575,1/30/2015,1 year,No,No,No,No,,In Service,11/4/2013 10:19,Import [POWER],,,,,,,,,,,,,,,
,,,,,,,,,,,,,,,,,,40,,2020 RIDGE AV,Evanston,,No,No,40,E-2020 B-UPM-1  [Power 28-40],28-40,Power,,,,,NUIT-CI-SO,,,No,No,,,,,,,2/8/2016 11:49,pks792,,Eaton/Powerware,,9390-160,E-2020 B-UPM-1,,,1,,,,,UPS 3 Phase and Batteries,,,,,,,184,EC494CBB13,,,"4-Hr Response, 7x24 Coverage",10/31/2015,127236,PUR0794176,4/7/2015,6 Months 24 Days,No,No,No,No,,In Service,11/4/2013 10:19,Import [POWER],,,,,,,,,,,,,,,
,,,,,,,,,,,,,,,,,,40,,2020 RIDGE AV,Evanston,,No,No,41,E-2020 B-UPM-2  [Power 28-41],28-41,Power,,,,,NUIT-CI-SO,,,No,No,,,,,,,2/8/2016 11:47,pks792,,Eaton/Powerware,,9390-160,E-2020 B-UPM-2,,,1,,,,,UPS 3 Phase and Batteries,,,,,,,184,EA076CBA03,,,"4-Hr Response, 7x24 Coverage",10/31/2015,127236,PUR0794176,5/2/2014,1 Year 5 Months 30 Days,No,No,No,No,,In Service,11/4/2013 10:19,Import [POWER],,,,,,,,,,,,,,,
,,,,,,,,,,,,,,,,,,40,,2020 RIDGE AV,Evanston,,No,No,42,E-2020 B-UPM-3  [Power 28-42],28-42,Power,,,,,NUIT-CI-SO,,,No,No,,,,,,,2/8/2016 11:48,pks792,,Eaton/Powerware,,9390-160,E-2020 B-UPM-3,,,1,,,,,UPS 3 Phase and Batteries,,,,,,,184,EC164CBA02,,,"4-Hr Response, 7x24 Coverage",10/31/2015,127236,PUR0794176,7/1/2014,1 Year 4 Months,No,No,No,No,,In Service,11/4/2013 10:19,Import [POWER],,,,,,,,,,,,,,,
,,,,,,,,,,,,,,,,,,40,,2020 RIDGE AV,Evanston,,No,No,43,E-2020 B-UPM-4  [Power 28-43],28-43,Power,,,,,NUIT-CI-SO,,,No,No,,,,,,,2/8/2016 11:48,pks792,,Eaton/Powerware,,9390-160,E-2020 B-UPM-4,,,1,,,,,UPS 3 Phase and Batteries,,,,,,,184,EE262CBB03,,,,,,,,,No,No,No,No,,In Service,11/4/2013 10:19,Import [POWER],,,,,,,,,,"4-Hr Response, 7x24 Coverage",7/11/2016,,,,
,,,,,,,,,,,,,,,,,,40,,2020 RIDGE AV,Evanston,,No,No,44,E-2020 B-UPM-5  [Power 28-44],28-44,Power,,,,,NUIT-CI-SO,,,No,No,,,,,,,2/9/2016 11:42,pks792,,Eaton/Powerware,,9390-160,E-2020 B-UPM-5,,,1,,,,,UPS 3 Phase and Batteries,,,,,,,184,EG294CBC09,,,,,,,,,No,No,No,No,,In Service,11/4/2013 10:19,Import [POWER],,,,,,,,,,"4-Hr Response, 7x24 Coverage",1/30/2019,,,,
,,,,,,,,,,,,,,,,,,40,,Technological Institute,Evanston,,No,No,45,LG87 300kVA UPS  [Power 28-45],28-45,Power,,,,,NUIT-CI-SO,,,No,No,,,,,,,3/22/2017 12:02,pks792,,Emerson/Liebert,,U39SA300CCCD087,LG87 300kVA UPS,,,2,,,,,UPS 3 Phase and Batteries,,,,,,,LG87,D08E5B00001,,,"Guaranteed 4-Hr on-site emergency response, 7 days/week, 24 hours/day",6/25/2016,Q02292619,PUR0839532,6/26/2015,1 Year,No,No,No,No,,In Service,11/4/2013 10:19,Import [POWER],,,,,,,,,,,,,,,
,,,,,,,,,,,,,,,,,,,,2020 RIDGE AV,Evanston,,No,No,83,E-2020 PDU-RS-3  [Power 28-83],28-83,Power,,,,,NUIT-CI-SO,,,No,No,,,,,,,7/10/2015 13:44,pks792,,Eaton/Powerware,,297239-001,E-2020 PDU-RS-3,,,,,,,,PDU,,,,,,,172,EE502SXX01,,,"4-Hr Response, 7x24 Coverage",10/31/2015,127349,PUR0794243,11/1/2014,1 Year,No,No,No,No,,In Service,6/2/2014 13:21,pks792,,,,,,,,,,,,,,,
,,,,,,,,,,,,,,,,,,,,2020 RIDGE AV,Evanston,,No,No,87,E-2020 PDU-STS-1  [Power 28-87],28-87,Power,,,,,NUIT-CI-SO,,,No,No,,,,,,,7/21/2015 10:58,Import [Power Warranty & Service Import],,LayerZero Power Systems,,ePODs TYPE X,E-2020 PDU-STS-1,,,,,PUR0838257,,,PDU,,,,,,,184,10579-1,,,,,,,,,No,No,No,No,,In Service,6/18/2015 8:15,pks792,,,,,,,,,,"4-HR Onsite Emergency Response, 2 PMs Mon-Fri 8:00AM-5:00PM",6/17/2020,,LZQO12161-01,6/18/2015,5 Years
,,,,,,,,,,,,,,,,,,,,2020 RIDGE AV,Evanston,,No,No,89,E-2020 PDU-DC-4  [Power 28-89],28-89,Power,,,,,NUIT-CI-SO,,,No,No,,,,,,,7/21/2015 10:58,Import [Power Warranty & Service Import],,LayerZero Power Systems,,ePODs TYPE X,E-2020 PDU-DC-4,,,,,PUR0848315,,,PDU,,,,,,,184,10587-1,,,,,,,,,No,No,No,No,,In Service,6/18/2015 8:18,pks792,,,,,,,,,,"4-HR Onsite Emergency Response, 2 PMs Mon-Fri 8:00AM-5:00PM",6/17/2020,,LZQO12212-01B,6/18/2015,5 Years
,,,,,,,,,,,,,,,,,,,,2020 RIDGE AV,Evanston,,No,No,84,E-2020 PDU-RS-4  [Power 28-84],28-84,Power,,,,,NUIT-CI-SO,,,No,No,,,,,,,7/10/2015 13:45,pks792,,Eaton/Powerware,,297239-001,E-2020 PDU-RS-4,,,,,,,,PDU,,,,,,,172,EE511SXX01,,,"4-Hr Response, 7x24 Coverage",10/31/2015,127349,PUR0794243,11/1/2014,1 Year,No,No,No,No,,In Service,6/2/2014 13:22,pks792,,,,,,,,,,,,,,,
,,,,,,,,,,,,,,,,,,40,,2020 RIDGE AV,Evanston,,No,No,98,E-2020 A-UPM-5  [Power 28-98],28-98,Power,,,,,NUIT-CI-SO,,,No,No,,,,,,,10/11/2019 16:05,pks792,,,,9390-160,E-2020 A-UPM-5,,,1,,PUR0863700,,,UPS 3 Phase and Batteries,,,,,,,184,EJ287CBC15 ,,,,,,,,,No,No,No,No,,In Service,2/9/2016 9:57,pks792,,,,,,,,,,"4-Hr Response, 7x24 Coverage",1/28/2021,,,,
,,,,,,,,,,,,,,,,,,,,Abbott Hall,Chicago,,No,No,99,C-710 NIT 1.5MW Generator  [Power 28-99],28-99,Power,,,,,NUIT-CI-SO,,,No,No,,,,,,,2/19/2016 14:23,pks792,,Cummins,,C1500D6RG,C-710 NIT 1.5MW Generator,,,,,PUR0944864,,,Generator,,,,,,,Parking Lot,J120398717,,,,,,,,,No,No,No,No,,In Service,2/19/2016 14:23,pks792,,,,,,,,,,,,,,,
,,,,,,,,,,,,,,,,,,,,Abbott Hall,Chicago,,No,No,46,C-710 Chloride 250kVA UPS-A  [Power 28-46],28-46,Power,,,,,NUIT-CI-SO,,,No,No,,,,,,,2/9/2016 9:28,pks792,,Emerson/Liebert/Chloride,,EP9040025044P,C-710 Chloride 250kVA UPS-A,,,,,,,,UPS 3 Phase and Batteries,,,,,,,B04,B242065,,,,,,,,,No,No,No,No,,Out of Service,11/4/2013 11:00,Import [POWER],,,,,,,,,,,,,,,
,,,,,,,,,,,,,,,,,,,,Abbott Hall,Chicago,,No,No,47,C-710 Chloride 250kVA UPS-B  [Power 28-47],28-47,Power,,,,,NUIT-CI-SO,,,No,No,,,,,,,2/9/2016 9:29,pks792,,Emerson/Liebert/Chloride,,EP9040025044P,C-710 Chloride 250kVA UPS-B,,,,,,,,UPS 3 Phase and Batteries,,,,,,,B04,B242066,,,,,,,,,No,No,No,No,,Out of Service,11/4/2013 11:00,Import [POWER],,,,,,,,,,,,,,,
,,,,,,,,,,,,,,,,,,,,2020 RIDGE AV,Evanston,,No,No,48,E-2020 UTIL-SWBD-1  [Power 28-48],28-48,Power,,,,,NUIT-CI-SO,,,No,No,,,,,,,11/4/2013 11:01,Import [POWER],,Eaton/Cutler Hammer,,MAGNUM DS SWITCHGEAR,E-2020 UTIL-SWBD-1,,,,,,,,Main Switchgear,,,,,,,193,MCG0003858-001,,,,,,,,,No,No,No,No,,In Service,11/4/2013 11:01,Import [POWER],,,,,,,,,,,,,,,
,,,,,,,,,,,,,,,,,,,,2020 RIDGE AV,Evanston,,No,No,49,E-2020 DC-MBC  [Power 28-49],28-49,Power,,,,,NUIT-CI-SO,,,No,No,,,,,,,11/4/2013 11:01,Import [POWER],,Eaton/Cutler Hammer,,POW-R-LINE SWITCHBOARD,E-2020 DC-MBC,,,,,,,,Switchboard,,,,,,,184,RN333045-10B,,,,,,,,,No,No,No,No,,In Service,11/4/2013 11:01,Import [POWER],,,,,,,,,,,,,,,
,,,,,,,,,,,,,,,,,,,,2020 RIDGE AV,Evanston,,No,No,50,E-2020 DC-MDP  [Power 28-50],28-50,Power,,,,,NUIT-CI-SO,,,No,No,,,,,,,11/4/2013 11:01,Import [POWER],,Eaton/Cutler Hammer,,POW-R-LINE SWITCHBOARD,E-2020 DC-MDP,,,,,,,,Switchboard,,,,,,,184,MCG0003858-005,,,,,,,,,No,No,No,No,,In Service,11/4/2013 11:01,Import [POWER],,,,,,,,,,,,,,,
,,,,,,,,,,,,,,,,,,,,2020 RIDGE AV,Evanston,,No,No,51,E-2020 DC-SWBD-1  [Power 28-51],28-51,Power,,,,,NUIT-CI-SO,,,No,No,,,,,,,11/4/2013 11:01,Import [POWER],,Eaton/Cutler Hammer,,POW-R-LINE SWITCHBOARD,E-2020 DC-SWBD-1,,,,,,,,Switchboard,,,,,,,184,MCG0003858-004,,,,,,,,,No,No,No,No,,In Service,11/4/2013 11:01,Import [POWER],,,,,,,,,,,,,,,
,,,,,,,,,,,,,,,,,,,,2020 RIDGE AV,Evanston,,No,No,52,E-2020 GEN-BYPASS-SWBD  [Power 28-52],28-52,Power,,,,,NUIT-CI-SO,,,No,No,,,,,,,11/4/2013 11:01,Import [POWER],,Eaton/Cutler Hammer,,POW-R-LINE SWITCHBOARD,E-2020 GEN-BYPASS-SWBD,,,,,,,,Switchboard,,,,,,,193,MCG0003858-013,,,,,,,,,No,No,No,No,,In Service,11/4/2013 11:01,Import [POWER],,,,,,,,,,,,,,,
,,,,,,,,,,,,,,,,,,,,2020 RIDGE AV,Evanston,,No,No,53,E-2020 GEN-SWBD-1  [Power 28-53],28-53,Power,,,,,NUIT-CI-SO,,,No,No,,,,,,,11/4/2013 11:01,Import [POWER],,Eaton/Cutler Hammer,,POW-R-LINE SWITCHBOARD,E-2020 GEN-SWBD-1,,,,,,,,Switchboard,,,,,,,193,MCG0003858-002,,,,,,,,,No,No,No,No,,In Service,11/4/2013 11:01,Import [POWER],,,,,,,,,,,,,,,
,,,,,,,,,,,,,,,,,,,,2020 RIDGE AV,Evanston,,No,No,54,E-2020 HDP-1  [Power 28-54],28-54,Power,,,,,NUIT-CI-SO,,,No,No,,,,,,,11/4/2013 11:01,Import [POWER],,Eaton/Cutler Hammer,,POW-R-LINE SWITCHBOARD,E-2020 HDP-1,,,,,,,,Switchboard,,,,,,,184,MCG0003858-007,,,,,,,,,No,No,No,No,,In Service,11/4/2013 11:01,Import [POWER],,,,,,,,,,,,,,,
,,,,,,,,,,,,,,,,,,,,2020 RIDGE AV,Evanston,,No,No,55,E-2020 HDP-2  [Power 28-55],28-55,Power,,,,,NUIT-CI-SO,,,No,No,,,,,,,11/4/2013 11:01,Import [POWER],,Eaton/Cutler Hammer,,POW-R-LINE SWITCHBOARD,E-2020 HDP-2,,,,,,,,Switchboard,,,,,,,184,MCG0003858-008,,,,,,,,,No,No,No,No,,In Service,11/4/2013 11:01,Import [POWER],,,,,,,,,,,,,,,
,,,,,,,,,,,,,,,,,,,,2020 RIDGE AV,Evanston,,No,No,56,E-2020 HDP-3  [Power 28-56],28-56,Power,,,,,NUIT-CI-SO,,,No,No,,,,,,,11/4/2013 11:01,Import [POWER],,Eaton/Cutler Hammer,,POW-R-LINE SWITCHBOARD,E-2020 HDP-3,,,,,,,,Switchboard,,,,,,,184,MCG0003858-010,,,,,,,,,No,No,No,No,,In Service,11/4/2013 11:01,Import [POWER],,,,,,,,,,,,,,,
,,,,,,,,,,,,,,,,,,,,2020 RIDGE AV,Evanston,,No,No,57,E-2020 HDP-4  [Power 28-57],28-57,Power,,,,,NUIT-CI-SO,,,No,No,,,,,,,11/4/2013 11:01,Import [POWER],,Eaton/Cutler Hammer,,POW-R-LINE SWITCHBOARD,E-2020 HDP-4,,,,,,,,Switchboard,,,,,,,184,MCG0003858-009,,,,,,,,,No,No,No,No,,In Service,11/4/2013 11:01,Import [POWER],,,,,,,,,,,,,,,
,,,,,,,,,,,,,,,,,,,,2020 RIDGE AV,Evanston,,No,No,58,E-2020 HVAC-SWBD-1  [Power 28-58],28-58,Power,,,,,NUIT-CI-SO,,,No,No,,,,,,,11/4/2013 11:01,Import [POWER],,Eaton/Cutler Hammer,,POW-R-LINE SWITCHBOARD,E-2020 HVAC-SWBD-1,,,,,,,,Switchboard,,,,,,,193,MCG0003858-003,,,,,,,,,No,No,No,No,,In Service,11/4/2013 11:01,Import [POWER],,,,,,,,,,,,,,,
,,,,,,,,,,,,,,,,,,,,2020 RIDGE AV,Evanston,,No,No,59,E-2020 RS-MBC  [Power 28-59],28-59,Power,,,,,NUIT-CI-SO,,,No,No,,,,,,,11/4/2013 11:01,Import [POWER],,Eaton/Cutler Hammer,,POW-R-LINE SWITCHBOARD,E-2020 RS-MBC,,,,,,,,Switchboard,,,,,,,184,RN333045-10A,,,,,,,,,No,No,No,No,,In Service,11/4/2013 11:01,Import [POWER],,,,,,,,,,,,,,,
,,,,,,,,,,,,,,,,,,,,2020 RIDGE AV,Evanston,,No,No,60,E-2020 RS-MDP  [Power 28-60],28-60,Power,,,,,NUIT-CI-SO,,,No,No,,,,,,,11/4/2013 11:01,Import [POWER],,Eaton/Cutler Hammer,,POW-R-LINE SWITCHBOARD,E-2020 RS-MDP,,,,,,,,Switchboard,,,,,,,184,MCG0003858-016,,,,,,,,,No,No,No,No,,In Service,11/4/2013 11:01,Import [POWER],,,,,,,,,,,,,,,
,,,,,,,,,,,,,,,,,,,,2020 RIDGE AV,Evanston,,No,No,61,E-2020 RS-SWBD-1  [Power 28-61],28-61,Power,,,,,NUIT-CI-SO,,,No,No,,,,,,,11/4/2013 11:01,Import [POWER],,Eaton/Cutler Hammer,,POW-R-LINE SWITCHBOARD,E-2020 RS-SWBD-1,,,,,,,,Switchboard,,,,,,,184,MCG0003858-015,,,,,,,,,No,No,No,No,,In Service,11/4/2013 11:01,Import [POWER],,,,,,,,,,,,,,,
,,,,,,,,,,,,,,,,,,,,2020 RIDGE AV,Evanston,,No,No,80,E-2020 1.5MW Generator  [Power 28-80],28-80,Power,,,,,NUIT-CI-SO,,,No,No,,,,,,,6/18/2019 16:07,pks792,,Cummins,,C1500D6RG,E-2020 1.5MW Generator,,,,,,,,Generator,,,,,,,Dock 6,I0800208776,,,Rental Contract,8/31/2015,13733-7,PUR0858307,5/11/2015,4 Months,No,No,No,No,,Out of Service,6/2/2014 13:14,pks792,,,,,,,,,,,,,,,
,,,,,,,,,,,,,,,,,,,,2020 RIDGE AV,Evanston,,No,No,81,E-2020 PDR-W30  [Power 28-81],28-81,Power,,,,,NUIT-CI-SO,,,No,No,,,,,,,7/10/2015 13:42,pks792,,Eaton/Powerware,,253045-001,E-2020 PDR-W30,,,,,,,,PDR,,,,,,,172,EE495RXX02,,,"4-Hr Response, 7x24 Coverage",10/31/2015,127363,PUR0794280,11/1/2014,1 Year,No,No,No,No,,In Service,6/2/2014 13:17,pks792,,,,,,,,,,,,,,,
,,,,,,,,,,,,,,,,,,,,2020 RIDGE AV,Evanston,,No,No,82,E-2020 PDR-W52  [Power 28-82],28-82,Power,,,,,NUIT-CI-SO,,,No,No,,,,,,,7/10/2015 13:43,pks792,,Eaton/Powerware,,253045-001,E-2020 PDR-W52,,,,,,,,PDR,,,,,,,172,EE495RXX01,,,"4-Hr Response, 7x24 Coverage",10/31/2015,127363,PUR0794280,11/1/2014,1 Year,No,No,No,No,,In Service,6/2/2014 13:19,pks792,,,,,,,,,,,,,,,
,,,,,,,,,,,,,,,,,,,,Abbott Hall,Chicago,,No,No,85,C-710 Chloride 225kVA UPS-Rental  [Power 28-85],28-85,Power,,,,,NUIT-CI-SO,,,No,No,,,,,,,2/9/2016 9:29,pks792,,Emerson/Liebert/Chloride,,90N225225AS44N,C-710 Chloride 225kVA UPS-Rental,,,,,,,,UPS 3 Phase and Batteries,,,,,,,B04,B310235,,,,,,,,,No,No,No,No,,Out of Service,4/22/2015 9:47,pks792,,,,,,,,,,,,,,,
,,,,,,,,,,,,,,,,,,,,2020 RIDGE AV,Evanston,,No,No,86,E-2020 STS-1  [Power 28-86],28-86,Power,,,,,NUIT-CI-SO,,,No,No,,,,,,,7/21/2015 10:58,Import [Power Warranty & Service Import],,LayerZero Power Systems,,Series 70 eSTS,E-2020 STS-1,,,,,PUR0838257,,,Static Transfer Switch,,,,,,,184,10578-1,,,,,,,,,No,No,No,No,,In Service,6/18/2015 8:12,pks792,,,,,,,,,,"4-HR Onsite Emergency Response, 2 PMs Mon-Fri 8:00AM-5:00PM",6/17/2020,,LZQO12161-01,6/18/2015,5 Years
,,,,,,,,,,,,,,,,,,,,2020 RIDGE AV,Evanston,,No,No,88,E-2020 PDU-DC-3  [Power 28-88],28-88,Power,,,,,NUIT-CI-SO,,,No,No,,,,,,,7/21/2015 10:58,Import [Power Warranty & Service Import],,LayerZero Power Systems,,ePODs TYPE X,E-2020 PDU-DC-3,,,,,PUR0848315,,,PDU,,,,,,,184,10586-1,,,,,,,,,No,No,No,No,,In Service,6/18/2015 8:17,pks792,,,,,,,,,,"4-HR Onsite Emergency Response, 2 PMs Mon-Fri 8:00AM-5:00PM",6/17/2020,,LZQO12212-01B,6/18/2015,5 Years
,,,,,,,,,,,,,,,,,,20,,Abbott Hall,Chicago,,No,No,95,C-710 NX 400kVA UPS-A  [Power 28-95],28-95,Power,,,,,NUIT-CI-SO,,,No,No,,,,,,,12/14/2015 16:10,pks792,,,,38SN400A0AVA525,C-710 NX 400kVA UPS-A,,,4,,PUR0883118,,,UPS 3 Phase and Batteries,,,,,,,B04,D15H4R0001,,,,,,,,,No,No,No,No,,In Service,12/14/2015 16:10,pks792,,,,,,,,,,"1 Preventatvie Maintenance, 1 Load Bank Test, 4 Battery String Tests",2/28/2017,,,,2 Years
,,,,,,,,,,,,,,,,,,20,,Abbott Hall,Chicago,,No,No,96,C-710 NX 400kVA UPS-B  [Power 28-96],28-96,Power,,,,,NUIT-CI-SO,,,No,No,,,,,,,12/14/2015 16:13,pks792,,,,38SN400A0AVA525,C-710 NX 400kVA UPS-B,,,4,,PUR0883118,,,UPS 3 Phase and Batteries,,,,,,,B04,D15H4R0002,,,,,,,,,No,No,No,No,,In Service,12/14/2015 16:13,pks792,,,,,,,,,,"1 Preventative Maintenance, 1 Load Bank Test, 4 Battery String Tests",2/28/2017,,,,2 Years
,,,,,,,,,,,,,,,,,,40,,2020 RIDGE AV,Evanston,,No,No,97,E-2020 A-UPM-4  [Power 28-97],28-97,Power,,,,,NUIT-CI-SO,,,No,No,,,,,,,10/11/2019 16:05,pks792,,,,9390-160,E-2020 A-UPM-4,,,1,,PUR0863700,,,UPS 3 Phase and Batteries,,,,,,,184,EJ287CBC14,,,,,,,,,No,No,No,No,,In Service,2/9/2016 9:38,pks792,,,,,,,,,,"4-Hr Response, 7x24 Coverage",1/28/2021,,,,
,,,,,,,,,,,,,,,,,,240,,2020 RIDGE AV,Evanston,,No,No,101,E-2020 D-UPM-1  [Power 28-101],28-101,Power,,,,,NUIT-CI-SO,,,No,No,,,,,,,8/26/2016 17:11,pks792,,Liebert,,46SAA750ABAE671,E-2020 D-UPM-1,,,3,,PUR1011801,,,UPS 3 Phase and Batteries,,,,,,,185,D16G4H0004,,,,,,,,,No,No,No,No,,In Service,8/26/2016 17:11,pks792,,,,,,,,,,,8/23/2021,,,8/23/2016,5-Year
,,,,,,,,,,,,,,,,,,,,Abbott Hall,Chicago,,No,No,102,C-710 AB-1-4-ATS-3 IT  [Power 28-102],28-102,Power,,,,,NUIT-CI-SO,,,No,No,,,,,,,2/9/2017 16:27,pks792,,ASCO,,,C-710 AB-1-4-ATS-3 IT,,,,,,,,Auto Transfer Switch,,,,,,,110,779392-001 WE,,,,,,,,,No,No,No,No,,In Service,2/9/2017 16:22,pks792,,,,,,,,,,,,,,,
,,,,,,,,,,,,,,,,,,,,Abbott Hall,Chicago,,No,No,105,C-710 AB-1-4-ATS-2 IT  [Power 28-105],28-105,Power,,,,,NUIT-CI-SO,,,No,No,,,,,,,2/14/2017 13:43,pks792,,,,2000 Transfer Control System,C-710 AB-1-4-ATS-2 IT,,,,,,,,Auto Transfer Switch,,,,,,,Dock Area,12038,,,,,,,,,No,No,No,No,,In Service,2/14/2017 13:43,pks792,,,,,,,,,,,,,,,
,,,,,,,,,,,,,,,,,,240,,2020 RIDGE AV,Evanston,,No,No,100,E-2020 C-UPM-1  [Power 28-100],28-100,Power,,,,,NUIT-CI-SO,,,No,No,,,,,,,8/26/2016 17:12,pks792,,Liebert,,46SAA750ABAE671,E-2020 C-UPM-1,,,3,,PUR1011801,,,UPS 3 Phase and Batteries,,,,,,,185,D16G4H0003,,,,,,,,,No,No,No,No,,In Service,8/26/2016 17:10,pks792,,,,,,,,,,,8/23/2021,,,8/23/2016,5-Year
,,,,,,,,,,,,,,,,,,,,2020 RIDGE AV,Evanston,,No,No,106,E-2020 1.5MW Generator  [Power 28-106],28-106,Power,,,,,NUIT-CI-SO-ServiceOperations,,,No,No,,,,,,,6/18/2019 16:06,pks792,,Cummins,,C1500D6RG,E-2020 1.5MW Generator,,,,,,,,Generator,,,,,,,Dock 6,B160926045,,,,,,,,,No,No,No,No,,In Service,6/18/2019 16:06,pks792,,,,,,,,,,,,,,,
