device_name,model,device_type,service_tag,service_level_code,warranty_type,warranty_description,service_provider,shipped_date,start_date,end_date,days_remaining
EVESXC03N03-V34-IDRAC.ITCS.PRIVATE,POWEREDGE R640,SERVER,38W3H13,GD,INITIAL,PROSUPPORT MISSION CRITICAL,DELL,12/28/2019,12/28/2019,12/28/2024,1656
EVESXC03N03-V34-IDRAC.ITCS.PRIVATE,POWEREDGE R640,SERVER,38W3H13,S9,EXTENDED,4 HOUR 7X24 ONSITE SUPPORT,UNY,12/28/2019,12/29/2022,12/29/2024,1657
EVESXC03N03-V34-IDRAC.ITCS.PRIVATE,POWEREDGE R640,SERVER,38W3H13,S9,INITIAL,4 HOUR 7X24 ONSITE SUPPORT,UNY,12/28/2019,12/28/2019,12/28/2022,925
MOTIO-IDRAC.ITCS.PRIVATE,POWEREDGE R630,SERVER,82N0CH2,ND,INITIAL,ONSITE SERVICE AFTER REMOTE DIAGNOSIS (CONSUMER CUSTOMER)/ NEXT BUSINESS DAY ONSITE AFTER REMOTE DIAGNOSIS (COMMERCIAL CUSTOMER),UNY,2/10/2017,2/10/2017,2/10/2021,239
MOTIO-IDRAC.ITCS.PRIVATE,POWEREDGE R630,SERVER,82N0CH2,SV,INITIAL,SILVER SUPPORT OR PROSUPPORT,DELL,2/10/2017,2/10/2017,2/10/2021,239
RISAOPSTST-IDRAC.ITCS.PRIVATE,POWEREDGE R730XD,SERVER,G4S6HH2,ND,INITIAL,ONSITE SERVICE AFTER REMOTE DIAGNOSIS (CONSUMER CUSTOMER)/ NEXT BUSINESS DAY ONSITE AFTER REMOTE DIAGNOSIS (COMMERCIAL CUSTOMER),UNY,3/30/2017,3/30/2017,3/30/2022,652
NUBIEVAPP07-IDRAC.ITCS.PRIVATE,POWEREDGE R630,SERVER,4TK3S52,ND,EXTENDED,ONSITE SERVICE AFTER REMOTE DIAGNOSIS (CONSUMER CUSTOMER)/ NEXT BUSINESS DAY ONSITE AFTER REMOTE DIAGNOSIS (COMMERCIAL CUSTOMER),UNY,6/26/2015,6/28/2020,6/27/2021,376
NUBIEVAPP07-IDRAC.ITCS.PRIVATE,POWEREDGE R630,SERVER,4TK3S52,ND,EXTENDED,ONSITE SERVICE AFTER REMOTE DIAGNOSIS (CONSUMER CUSTOMER)/ NEXT BUSINESS DAY ONSITE AFTER REMOTE DIAGNOSIS (COMMERCIAL CUSTOMER),UNY,6/26/2015,6/27/2019,6/26/2020,10
NUBIEVAPP07-IDRAC.ITCS.PRIVATE,POWEREDGE R630,SERVER,4TK3S52,SV,EXTENDED,SILVER SUPPORT OR PROSUPPORT,DELL,6/26/2015,6/28/2020,6/27/2021,376
NUBIEVAPP07-IDRAC.ITCS.PRIVATE,POWEREDGE R630,SERVER,4TK3S52,SV,EXTENDED,SILVER SUPPORT OR PROSUPPORT,DELL,6/26/2015,6/27/2019,6/26/2020,10
EVRACT12-IDRAC.ITCS.PRIVATE,POWEREDGE R630,SERVER,G42GGB2,ND,EXTENDED,ONSITE SERVICE AFTER REMOTE DIAGNOSIS (CONSUMER CUSTOMER)/ NEXT BUSINESS DAY ONSITE AFTER REMOTE DIAGNOSIS (COMMERCIAL CUSTOMER),UNY,4/29/2016,5/1/2020,4/29/2021,317
NUBIEVAPP08-IDRAC.ITCS.PRIVATE,POWEREDGE R630,SERVER,4TK4S52,ND,EXTENDED,ONSITE SERVICE AFTER REMOTE DIAGNOSIS (CONSUMER CUSTOMER)/ NEXT BUSINESS DAY ONSITE AFTER REMOTE DIAGNOSIS (COMMERCIAL CUSTOMER),UNY,6/26/2015,6/28/2020,6/27/2021,376
NUBIEVAPP08-IDRAC.ITCS.PRIVATE,POWEREDGE R630,SERVER,4TK4S52,ND,EXTENDED,ONSITE SERVICE AFTER REMOTE DIAGNOSIS (CONSUMER CUSTOMER)/ NEXT BUSINESS DAY ONSITE AFTER REMOTE DIAGNOSIS (COMMERCIAL CUSTOMER),UNY,6/26/2015,6/27/2019,6/26/2020,10
NUBIEVAPP08-IDRAC.ITCS.PRIVATE,POWEREDGE R630,SERVER,4TK4S52,SV,EXTENDED,SILVER SUPPORT OR PROSUPPORT,DELL,6/26/2015,6/28/2020,6/27/2021,376
NUBIEVAPP08-IDRAC.ITCS.PRIVATE,POWEREDGE R630,SERVER,4TK4S52,SV,EXTENDED,SILVER SUPPORT OR PROSUPPORT,DELL,6/26/2015,6/27/2019,6/26/2020,10
VMBKUP02A-IDRAC.ITCS.PRIVATE,POWEREDGE R630,SERVER,10TYT52,ND,EXTENDED,ONSITE SERVICE AFTER REMOTE DIAGNOSIS (CONSUMER CUSTOMER)/ NEXT BUSINESS DAY ONSITE AFTER REMOTE DIAGNOSIS (COMMERCIAL CUSTOMER),UNY,8/7/2015,8/9/2020,8/7/2021,417
VMBKUP02A-IDRAC.ITCS.PRIVATE,POWEREDGE R630,SERVER,10TYT52,ND,EXTENDED,ONSITE SERVICE AFTER REMOTE DIAGNOSIS (CONSUMER CUSTOMER)/ NEXT BUSINESS DAY ONSITE AFTER REMOTE DIAGNOSIS (COMMERCIAL CUSTOMER),UNY,8/7/2015,8/8/2019,8/7/2020,52
NUBIEVAPP09-IDRAC.ITCS.PRIVATE,POWEREDGE R630,SERVER,4TK5S52,ND,EXTENDED,ONSITE SERVICE AFTER REMOTE DIAGNOSIS (CONSUMER CUSTOMER)/ NEXT BUSINESS DAY ONSITE AFTER REMOTE DIAGNOSIS (COMMERCIAL CUSTOMER),UNY,6/26/2015,6/28/2020,6/27/2021,376
NUBIEVAPP09-IDRAC.ITCS.PRIVATE,POWEREDGE R630,SERVER,4TK5S52,ND,EXTENDED,ONSITE SERVICE AFTER REMOTE DIAGNOSIS (CONSUMER CUSTOMER)/ NEXT BUSINESS DAY ONSITE AFTER REMOTE DIAGNOSIS (COMMERCIAL CUSTOMER),UNY,6/26/2015,6/27/2019,6/26/2020,10
NUBIEVAPP09-IDRAC.ITCS.PRIVATE,POWEREDGE R630,SERVER,4TK5S52,SV,EXTENDED,SILVER SUPPORT OR PROSUPPORT,DELL,6/26/2015,6/28/2020,6/27/2021,376
NUBIEVAPP09-IDRAC.ITCS.PRIVATE,POWEREDGE R630,SERVER,4TK5S52,SV,EXTENDED,SILVER SUPPORT OR PROSUPPORT,DELL,6/26/2015,6/27/2019,6/26/2020,10
EVADSDC4-IDRAC.ITCS.PRIVATE,POWEREDGE R630,SERVER,DG12182,ND,EXTENDED,ONSITE SERVICE AFTER REMOTE DIAGNOSIS (CONSUMER CUSTOMER)/ NEXT BUSINESS DAY ONSITE AFTER REMOTE DIAGNOSIS (COMMERCIAL CUSTOMER),UNY,11/30/2015,12/2/2019,11/30/2020,167
EVESXCLOUD32-IDRAC.ITCS.PRIVATE,POWEREDGE R630,SERVER,H17JR52,ND,EXTENDED,ONSITE SERVICE AFTER REMOTE DIAGNOSIS (CONSUMER CUSTOMER)/ NEXT BUSINESS DAY ONSITE AFTER REMOTE DIAGNOSIS (COMMERCIAL CUSTOMER),UNY,6/18/2015,6/19/2019,6/18/2020,2
VMBKUP01A-BK.ITCS.PRIVATE,POWEREDGE R630,SERVER,10V0V52,ND,EXTENDED,ONSITE SERVICE AFTER REMOTE DIAGNOSIS (CONSUMER CUSTOMER)/ NEXT BUSINESS DAY ONSITE AFTER REMOTE DIAGNOSIS (COMMERCIAL CUSTOMER),UNY,8/7/2015,8/9/2020,8/7/2021,417
VMBKUP01A-BK.ITCS.PRIVATE,POWEREDGE R630,SERVER,10V0V52,ND,EXTENDED,ONSITE SERVICE AFTER REMOTE DIAGNOSIS (CONSUMER CUSTOMER)/ NEXT BUSINESS DAY ONSITE AFTER REMOTE DIAGNOSIS (COMMERCIAL CUSTOMER),UNY,8/7/2015,8/8/2019,8/7/2020,52
ALPS2-IDRAC.ITCS.PRIVATE,POWEREDGE R730,SERVER,C1HLT52,ND,INITIAL,ONSITE SERVICE AFTER REMOTE DIAGNOSIS (CONSUMER CUSTOMER)/ NEXT BUSINESS DAY ONSITE AFTER REMOTE DIAGNOSIS (COMMERCIAL CUSTOMER),UNY,7/31/2015,7/31/2015,7/31/2019,0
ALPS2-IDRAC.ITCS.PRIVATE,POWEREDGE R730,SERVER,C1HLT52,SV,INITIAL,SILVER SUPPORT OR PROSUPPORT,DELL,7/31/2015,7/31/2015,7/31/2019,0
EVSPLSRCES-IDRAC.ITCS.PRIVATE,POWEREDGE R630,SERVER,8TQZ482,ND,INITIAL,ONSITE SERVICE AFTER REMOTE DIAGNOSIS (CONSUMER CUSTOMER)/ NEXT BUSINESS DAY ONSITE AFTER REMOTE DIAGNOSIS (COMMERCIAL CUSTOMER),UNY,3/3/2016,3/3/2016,3/3/2020,0
EVESX79-IDRAC.ITCS.PRIVATE,POWEREDGE R630,SERVER,CQ5ZT52,ND,EXTENDED,ONSITE SERVICE AFTER REMOTE DIAGNOSIS (CONSUMER CUSTOMER)/ NEXT BUSINESS DAY ONSITE AFTER REMOTE DIAGNOSIS (COMMERCIAL CUSTOMER),UNY,8/14/2015,8/15/2019,8/14/2020,59
EVESX41-IDRAC.ITCS.PRIVATE,POWEREDGE R620,SERVER,2KXKV12,KK,EXTENDED,KEEP YOUR HARD DRIVE SERVICE,DELL,6/20/2014,3/22/2018,6/21/2019,0
EVESX41-IDRAC.ITCS.PRIVATE,POWEREDGE R620,SERVER,2KXKV12,ND,EXTENDED,ONSITE SERVICE AFTER REMOTE DIAGNOSIS (CONSUMER CUSTOMER)/ NEXT BUSINESS DAY ONSITE AFTER REMOTE DIAGNOSIS (COMMERCIAL CUSTOMER),UNY,6/20/2014,6/22/2018,6/21/2019,0
EVESX78-IDRAC.ITCS.PRIVATE,POWEREDGE R630,SERVER,CQ6VT52,ND,EXTENDED,ONSITE SERVICE AFTER REMOTE DIAGNOSIS (CONSUMER CUSTOMER)/ NEXT BUSINESS DAY ONSITE AFTER REMOTE DIAGNOSIS (COMMERCIAL CUSTOMER),UNY,8/14/2015,8/15/2019,8/14/2020,59
RISAOPSPRDDAT-IDRAC.ITCS.PRIVATE,POWEREDGE R730XD,SERVER,G4S5HH2,ND,INITIAL,ONSITE SERVICE AFTER REMOTE DIAGNOSIS (CONSUMER CUSTOMER)/ NEXT BUSINESS DAY ONSITE AFTER REMOTE DIAGNOSIS (COMMERCIAL CUSTOMER),UNY,3/31/2017,3/31/2017,3/31/2022,653
EVESX80-IDRAC.ITCS.PRIVATE,POWEREDGE R630,SERVER,CQ5XT52,ND,EXTENDED,ONSITE SERVICE AFTER REMOTE DIAGNOSIS (CONSUMER CUSTOMER)/ NEXT BUSINESS DAY ONSITE AFTER REMOTE DIAGNOSIS (COMMERCIAL CUSTOMER),UNY,8/14/2015,8/15/2019,8/14/2020,59
EVVSRX02-IDRAC.ITCS.PRIVATE,POWEREDGE R630,SERVER,HHP0JB2,ND,EXTENDED,ONSITE SERVICE AFTER REMOTE DIAGNOSIS (CONSUMER CUSTOMER)/ NEXT BUSINESS DAY ONSITE AFTER REMOTE DIAGNOSIS (COMMERCIAL CUSTOMER),UNY,6/4/2016,6/6/2020,6/4/2021,353
EVESXCLOUD31-IDRAC.ITCS.PRIVATE,POWEREDGE R630,SERVER,H17HR52,ND,EXTENDED,ONSITE SERVICE AFTER REMOTE DIAGNOSIS (CONSUMER CUSTOMER)/ NEXT BUSINESS DAY ONSITE AFTER REMOTE DIAGNOSIS (COMMERCIAL CUSTOMER),UNY,6/18/2015,6/19/2019,6/18/2020,2
EVSPLSES01-IDRAC.ITCS.PRIVATE,POWEREDGE R640,SERVER,3CV81Q2,ND,INITIAL,ONSITE SERVICE AFTER REMOTE DIAGNOSIS (CONSUMER CUSTOMER)/ NEXT BUSINESS DAY ONSITE AFTER REMOTE DIAGNOSIS (COMMERCIAL CUSTOMER),UNY,8/3/2018,8/3/2018,8/2/2021,412
EVESXCLOUD36-IDRAC.ITCS.PRIVATE,POWEREDGE R630,SERVER,HRK6GK2,ND,INITIAL,ONSITE SERVICE AFTER REMOTE DIAGNOSIS (CONSUMER CUSTOMER)/ NEXT BUSINESS DAY ONSITE AFTER REMOTE DIAGNOSIS (COMMERCIAL CUSTOMER),UNY,7/8/2017,7/8/2017,7/8/2021,387
EVESXCLOUD37-IDRAC.ITCS.PRIVATE,POWEREDGE R630,SERVER,HRK7GK2,ND,INITIAL,ONSITE SERVICE AFTER REMOTE DIAGNOSIS (CONSUMER CUSTOMER)/ NEXT BUSINESS DAY ONSITE AFTER REMOTE DIAGNOSIS (COMMERCIAL CUSTOMER),UNY,7/8/2017,7/8/2017,7/8/2021,387
EVESXCLOUD39-IDRAC.ITCS.PRIVATE,POWEREDGE R630,SERVER,84VTFK2,ND,INITIAL,ONSITE SERVICE AFTER REMOTE DIAGNOSIS (CONSUMER CUSTOMER)/ NEXT BUSINESS DAY ONSITE AFTER REMOTE DIAGNOSIS (COMMERCIAL CUSTOMER),UNY,6/21/2017,6/21/2017,6/21/2021,370
EVSPLIDX02-IDRAC.ITCS.PRIVATE,POWEREDGE R630,SERVER,BVQCS52,ND,INITIAL,ONSITE SERVICE AFTER REMOTE DIAGNOSIS (CONSUMER CUSTOMER)/ NEXT BUSINESS DAY ONSITE AFTER REMOTE DIAGNOSIS (COMMERCIAL CUSTOMER),UNY,7/14/2015,7/14/2015,7/14/2019,0
EVESXC02N02-U39-IDRAC.ITCS.PRIVATE,POWEREDGE R640,SERVER,5Y0WQP2,GD,INITIAL,PROSUPPORT MISSION CRITICAL,DELL,5/25/2018,5/25/2018,5/24/2023,1072
EVESXC02N02-U39-IDRAC.ITCS.PRIVATE,POWEREDGE R640,SERVER,5Y0WQP2,S9,EXTENDED,4 HOUR 7X24 ONSITE SUPPORT,UNY,5/25/2018,5/25/2021,5/25/2023,1073
EVESXC02N02-U39-IDRAC.ITCS.PRIVATE,POWEREDGE R640,SERVER,5Y0WQP2,S9,INITIAL,4 HOUR 7X24 ONSITE SUPPORT,UNY,5/25/2018,5/25/2018,5/24/2021,342
EVCSPDPM02-BK.ITCS.PRIVATE,POWEREDGE R710,SERVER,53NJXQ1,ND,EXTENDED,ONSITE SERVICE AFTER REMOTE DIAGNOSIS (CONSUMER CUSTOMER)/ NEXT BUSINESS DAY ONSITE AFTER REMOTE DIAGNOSIS (COMMERCIAL CUSTOMER),UNY,7/21/2011,7/22/2017,7/24/2018,0
EVRACT14-IDRAC.ITCS.PRIVATE,POWEREDGE R630,SERVER,G42JGB2,ND,EXTENDED,ONSITE SERVICE AFTER REMOTE DIAGNOSIS (CONSUMER CUSTOMER)/ NEXT BUSINESS DAY ONSITE AFTER REMOTE DIAGNOSIS (COMMERCIAL CUSTOMER),UNY,4/29/2016,5/1/2020,4/29/2021,317
EVESXC02N03-O34-IDRAC.ITCS.PRIVATE,POWEREDGE R640,SERVER,J245HQ2,GD,INITIAL,PROSUPPORT MISSION CRITICAL,DELL,8/26/2018,8/27/2018,8/26/2023,1166
EVESXC02N03-O34-IDRAC.ITCS.PRIVATE,POWEREDGE R640,SERVER,J245HQ2,S9,EXTENDED,4 HOUR 7X24 ONSITE SUPPORT,UNY,8/26/2018,8/26/2021,8/26/2023,1166
EVESXC02N03-O34-IDRAC.ITCS.PRIVATE,POWEREDGE R640,SERVER,J245HQ2,S9,INITIAL,4 HOUR 7X24 ONSITE SUPPORT,UNY,8/26/2018,8/26/2018,8/25/2021,435
EVESXTNSC01N02-IDRAC.ITCS.PRIVATE,POWEREDGE R730,SERVER,5XQ4V52,ND,EXTENDED,ONSITE SERVICE AFTER REMOTE DIAGNOSIS (CONSUMER CUSTOMER)/ NEXT BUSINESS DAY ONSITE AFTER REMOTE DIAGNOSIS (COMMERCIAL CUSTOMER),UNY,8/17/2015,8/18/2019,8/17/2020,62
EVESXTNSC01N02-IDRAC.ITCS.PRIVATE,POWEREDGE R730,SERVER,5XQ4V52,P+,EXTENDED,PROSUPPORT PLUS,DELL,8/17/2015,8/18/2019,8/17/2020,62
EVESXC02N04-O34-IDRAC.ITCS.PRIVATE,POWEREDGE R640,SERVER,J243HQ2,GD,INITIAL,PROSUPPORT MISSION CRITICAL,DELL,8/26/2018,8/27/2018,8/26/2023,1166
EVESXC02N04-O34-IDRAC.ITCS.PRIVATE,POWEREDGE R640,SERVER,J243HQ2,S9,EXTENDED,4 HOUR 7X24 ONSITE SUPPORT,UNY,8/26/2018,8/26/2021,8/26/2023,1166
EVESXC02N04-O34-IDRAC.ITCS.PRIVATE,POWEREDGE R640,SERVER,J243HQ2,S9,INITIAL,4 HOUR 7X24 ONSITE SUPPORT,UNY,8/26/2018,8/26/2018,8/25/2021,435
COIPROD-IDRAC.ITCS.PRIVATE,POWEREDGE R730XD,SERVER,236P182,ND,INITIAL,ONSITE SERVICE AFTER REMOTE DIAGNOSIS (CONSUMER CUSTOMER)/ NEXT BUSINESS DAY ONSITE AFTER REMOTE DIAGNOSIS (COMMERCIAL CUSTOMER),UNY,10/14/2015,10/14/2015,10/14/2020,120
EVESXC02N01-U39-IDRAC.ITCS.PRIVATE,POWEREDGE R640,SERVER,5Y0XQP2,GD,INITIAL,PROSUPPORT MISSION CRITICAL,DELL,5/25/2018,5/25/2018,5/24/2023,1072
EVESXC02N01-U39-IDRAC.ITCS.PRIVATE,POWEREDGE R640,SERVER,5Y0XQP2,S9,EXTENDED,4 HOUR 7X24 ONSITE SUPPORT,UNY,5/25/2018,5/25/2021,5/25/2023,1073
EVESXC02N01-U39-IDRAC.ITCS.PRIVATE,POWEREDGE R640,SERVER,5Y0XQP2,S9,INITIAL,4 HOUR 7X24 ONSITE SUPPORT,UNY,5/25/2018,5/25/2018,5/24/2021,342
EVNBMS02-IDRAC.ITCS.PRIVATE,POWEREDGE R640,SERVER,4GRHHQ2,ND,INITIAL,ONSITE SERVICE AFTER REMOTE DIAGNOSIS (CONSUMER CUSTOMER)/ NEXT BUSINESS DAY ONSITE AFTER REMOTE DIAGNOSIS (COMMERCIAL CUSTOMER),DELL EMC,8/23/2018,8/23/2018,8/22/2022,797
EVNBMS02-IDRAC.ITCS.PRIVATE,POWEREDGE R640,SERVER,4GRHHQ2,SV,INITIAL,SILVER SUPPORT OR PROSUPPORT,DELL,8/23/2018,8/22/2018,8/21/2022,796
EVESXC02N07-S34-IDRAC.ITCS.PRIVATE,POWEREDGE R640,SERVER,J247HQ2,GD,INITIAL,PROSUPPORT MISSION CRITICAL,DELL,8/26/2018,8/27/2018,8/26/2023,1166
EVESXC02N07-S34-IDRAC.ITCS.PRIVATE,POWEREDGE R640,SERVER,J247HQ2,S9,EXTENDED,4 HOUR 7X24 ONSITE SUPPORT,UNY,8/26/2018,8/26/2021,8/26/2023,1166
EVESXC02N07-S34-IDRAC.ITCS.PRIVATE,POWEREDGE R640,SERVER,J247HQ2,S9,INITIAL,4 HOUR 7X24 ONSITE SUPPORT,UNY,8/26/2018,8/26/2018,8/25/2021,435
BIGBEND-IDRAC.ITCS.PRIVATE,POWEREDGE R620,SERVER,F2HXHX1,KK,EXTENDED,KEEP YOUR HARD DRIVE SERVICE,DELL,7/15/2013,7/18/2018,7/17/2019,0
BIGBEND-IDRAC.ITCS.PRIVATE,POWEREDGE R620,SERVER,F2HXHX1,ND,EXTENDED,ONSITE SERVICE AFTER REMOTE DIAGNOSIS (CONSUMER CUSTOMER)/ NEXT BUSINESS DAY ONSITE AFTER REMOTE DIAGNOSIS (COMMERCIAL CUSTOMER),UNY,7/15/2013,7/18/2018,7/17/2019,0
EVESXCLOUD38-IDRAC.ITCS.PRIVATE,POWEREDGE R630,SERVER,84VVFK2,ND,INITIAL,ONSITE SERVICE AFTER REMOTE DIAGNOSIS (CONSUMER CUSTOMER)/ NEXT BUSINESS DAY ONSITE AFTER REMOTE DIAGNOSIS (COMMERCIAL CUSTOMER),UNY,6/21/2017,6/21/2017,6/21/2021,370
EVSPLIDX07-IDRAC.ITCS.PRIVATE,POWEREDGE R640,SERVER,HM0DXQ2,ND,INITIAL,ONSITE SERVICE AFTER REMOTE DIAGNOSIS (CONSUMER CUSTOMER)/ NEXT BUSINESS DAY ONSITE AFTER REMOTE DIAGNOSIS (COMMERCIAL CUSTOMER),UNY,7/22/2018,7/22/2018,7/21/2021,400
EVSPLIDX07-IDRAC.ITCS.PRIVATE,POWEREDGE R640,SERVER,HM0DXQ2,SV,INITIAL,SILVER SUPPORT OR PROSUPPORT,DELL,7/22/2018,7/22/2018,7/21/2021,400
ZION-IDRAC.ITCS.PRIVATE,POWEREDGE R620,SERVER,F2JVHX1,KK,EXTENDED,KEEP YOUR HARD DRIVE SERVICE,DELL,7/15/2013,7/18/2018,7/17/2019,0
ZION-IDRAC.ITCS.PRIVATE,POWEREDGE R620,SERVER,F2JVHX1,ND,EXTENDED,ONSITE SERVICE AFTER REMOTE DIAGNOSIS (CONSUMER CUSTOMER)/ NEXT BUSINESS DAY ONSITE AFTER REMOTE DIAGNOSIS (COMMERCIAL CUSTOMER),UNY,7/15/2013,7/18/2018,7/17/2019,0
EVNBMSTR01-IDRAC.ITCS.PRIVATE,POWEREDGE R640,SERVER,4GSCHQ2,ND,INITIAL,ONSITE SERVICE AFTER REMOTE DIAGNOSIS (CONSUMER CUSTOMER)/ NEXT BUSINESS DAY ONSITE AFTER REMOTE DIAGNOSIS (COMMERCIAL CUSTOMER),DELL EMC,8/23/2018,8/23/2018,8/22/2022,797
EVNBMSTR01-IDRAC.ITCS.PRIVATE,POWEREDGE R640,SERVER,4GSCHQ2,SV,INITIAL,SILVER SUPPORT OR PROSUPPORT,DELL,8/23/2018,8/22/2018,8/21/2022,796
EVNBMS01-IDRAC.ITCS.PRIVATE,POWEREDGE R640,SERVER,4GS9HQ2,ND,INITIAL,ONSITE SERVICE AFTER REMOTE DIAGNOSIS (CONSUMER CUSTOMER)/ NEXT BUSINESS DAY ONSITE AFTER REMOTE DIAGNOSIS (COMMERCIAL CUSTOMER),DELL EMC,8/23/2018,8/23/2018,8/22/2022,797
EVNBMS01-IDRAC.ITCS.PRIVATE,POWEREDGE R640,SERVER,4GS9HQ2,SV,INITIAL,SILVER SUPPORT OR PROSUPPORT,DELL,8/23/2018,8/22/2018,8/21/2022,796
EVSPLIDX06-IDRAC.ITCS.PRIVATE,POWEREDGE R640,SERVER,HM0CXQ2,ND,INITIAL,ONSITE SERVICE AFTER REMOTE DIAGNOSIS (CONSUMER CUSTOMER)/ NEXT BUSINESS DAY ONSITE AFTER REMOTE DIAGNOSIS (COMMERCIAL CUSTOMER),UNY,7/22/2018,7/22/2018,7/21/2021,400
EVSPLIDX06-IDRAC.ITCS.PRIVATE,POWEREDGE R640,SERVER,HM0CXQ2,SV,INITIAL,SILVER SUPPORT OR PROSUPPORT,DELL,7/22/2018,7/22/2018,7/21/2021,400
EVESX15-IDRAC.ITCS.PRIVATE,POWEREDGE R620,SERVER,9SBJDX1,S4,EXTENDED,4 HOUR 5X10 ONSITE SUPPORT,UNY,5/8/2013,5/9/2014,5/8/2017,0
BRYCE-IDRAC.ITCS.PRIVATE,POWEREDGE R620,SERVER,F2HWHX1,KK,EXTENDED,KEEP YOUR HARD DRIVE SERVICE,DELL,7/15/2013,7/18/2018,7/17/2019,0
BRYCE-IDRAC.ITCS.PRIVATE,POWEREDGE R620,SERVER,F2HWHX1,ND,EXTENDED,ONSITE SERVICE AFTER REMOTE DIAGNOSIS (CONSUMER CUSTOMER)/ NEXT BUSINESS DAY ONSITE AFTER REMOTE DIAGNOSIS (COMMERCIAL CUSTOMER),UNY,7/15/2013,7/18/2018,7/17/2019,0
RISEACDATTST-IDRAC.ITCS.PRIVATE,POWEREDGE R740,SERVER,35GRCV2,KK,EXTENDED,KEEP YOUR HARD DRIVE SERVICE,DELL,2/6/2019,2/26/2019,2/5/2024,1329
RISEACDATTST-IDRAC.ITCS.PRIVATE,POWEREDGE R740,SERVER,35GRCV2,ND,INITIAL,ONSITE SERVICE AFTER REMOTE DIAGNOSIS (CONSUMER CUSTOMER)/ NEXT BUSINESS DAY ONSITE AFTER REMOTE DIAGNOSIS (COMMERCIAL CUSTOMER),UNY,2/6/2019,2/6/2019,2/5/2024,1329
EVCSPMBX06-IDRAC.ITCS.PRIVATE,POWEREDGE R720,SERVER,4CPKV12,KK,EXTENDED,KEEP YOUR HARD DRIVE SERVICE,DELL,6/22/2014,3/28/2018,6/22/2020,6
EVCSPMBX06-IDRAC.ITCS.PRIVATE,POWEREDGE R720,SERVER,4CPKV12,ND,EXTENDED,ONSITE SERVICE AFTER REMOTE DIAGNOSIS (CONSUMER CUSTOMER)/ NEXT BUSINESS DAY ONSITE AFTER REMOTE DIAGNOSIS (COMMERCIAL CUSTOMER),UNY,6/22/2014,6/22/2018,6/22/2020,6
EVESXC03N01-V34-IDRAC.ITCS.PRIVATE,POWEREDGE R640,SERVER,38W4H13,GD,INITIAL,PROSUPPORT MISSION CRITICAL,DELL,12/28/2019,12/28/2019,12/28/2024,1656
EVESXC03N01-V34-IDRAC.ITCS.PRIVATE,POWEREDGE R640,SERVER,38W4H13,S9,EXTENDED,4 HOUR 7X24 ONSITE SUPPORT,UNY,12/28/2019,12/29/2022,12/29/2024,1657
EVESXC03N01-V34-IDRAC.ITCS.PRIVATE,POWEREDGE R640,SERVER,38W4H13,S9,INITIAL,4 HOUR 7X24 ONSITE SUPPORT,UNY,12/28/2019,12/28/2019,12/28/2022,925
ALPS-IDRAC.ITCS.PRIVATE,POWEREDGE R620,SERVER,1CT7CZ1,GD,INITIAL,PROSUPPORT MISSION CRITICAL,DELL,12/10/2013,12/10/2013,12/10/2018,0
ALPS-IDRAC.ITCS.PRIVATE,POWEREDGE R620,SERVER,1CT7CZ1,S9,EXTENDED,4 HOUR 7X24 ONSITE SUPPORT,UNY,12/10/2013,12/11/2014,12/10/2018,0
EVESXC03N02-V34-IDRAC.ITCS.PRIVATE,POWEREDGE R640,SERVER,38V9H13,GD,INITIAL,PROSUPPORT MISSION CRITICAL,DELL,12/28/2019,12/28/2019,12/28/2024,1656
EVESXC03N02-V34-IDRAC.ITCS.PRIVATE,POWEREDGE R640,SERVER,38V9H13,S9,EXTENDED,4 HOUR 7X24 ONSITE SUPPORT,UNY,12/28/2019,12/29/2022,12/29/2024,1657
EVESXC03N02-V34-IDRAC.ITCS.PRIVATE,POWEREDGE R640,SERVER,38V9H13,S9,INITIAL,4 HOUR 7X24 ONSITE SUPPORT,UNY,12/28/2019,12/28/2019,12/28/2022,925
VMBKUP09A-IDRAC.ITCS.PRIVATE,POWEREDGE R640,SERVER,14J7DW2,KK,INITIAL,KEEP YOUR HARD DRIVE SERVICE,DELL,4/27/2019,4/26/2019,4/25/2023,1043
VMBKUP09A-IDRAC.ITCS.PRIVATE,POWEREDGE R640,SERVER,14J7DW2,ND,INITIAL,ONSITE SERVICE AFTER REMOTE DIAGNOSIS (CONSUMER CUSTOMER)/ NEXT BUSINESS DAY ONSITE AFTER REMOTE DIAGNOSIS (COMMERCIAL CUSTOMER),UNY,4/27/2019,4/27/2019,4/26/2023,1044
EVVSRX04-IDRAC.ITCS.PRIVATE,POWEREDGE R740XD,SERVER,4JMHHQ2,KK,INITIAL,KEEP YOUR HARD DRIVE SERVICE,DELL,8/20/2018,8/21/2018,8/20/2021,430
EVVSRX04-IDRAC.ITCS.PRIVATE,POWEREDGE R740XD,SERVER,4JMHHQ2,ND,INITIAL,ONSITE SERVICE AFTER REMOTE DIAGNOSIS (CONSUMER CUSTOMER)/ NEXT BUSINESS DAY ONSITE AFTER REMOTE DIAGNOSIS (COMMERCIAL CUSTOMER),UNY,8/20/2018,8/20/2018,8/19/2021,429
EVVSRX04-IDRAC.ITCS.PRIVATE,POWEREDGE R740XD,SERVER,4JMHHQ2,SV,INITIAL,SILVER SUPPORT OR PROSUPPORT,DELL,8/20/2018,8/21/2018,8/20/2021,430
EVESX18-IDRAC.ITCS.PRIVATE,POWEREDGE R620,SERVER,9S8HDX1,S4,EXTENDED,4 HOUR 5X10 ONSITE SUPPORT,UNY,5/8/2013,5/9/2014,5/8/2017,0
RISEIRB7DATTEST-IDRAC.ITCS.PRIVATE,POWEREDGE R720XD,SERVER,CV3PW12,KK,EXTENDED,KEEP YOUR HARD DRIVE SERVICE,DELL,8/4/2014,8/6/2018,8/4/2021,414
RISEIRB7DATTEST-IDRAC.ITCS.PRIVATE,POWEREDGE R720XD,SERVER,CV3PW12,ND,EXTENDED,ONSITE SERVICE AFTER REMOTE DIAGNOSIS (CONSUMER CUSTOMER)/ NEXT BUSINESS DAY ONSITE AFTER REMOTE DIAGNOSIS (COMMERCIAL CUSTOMER),UNY,8/4/2014,8/6/2018,8/3/2021,413
EVRACR6-IDRAC.ITCS.PRIVATE,POWEREDGE R620,SERVER,D337P22,ND,EXTENDED,ONSITE SERVICE AFTER REMOTE DIAGNOSIS (CONSUMER CUSTOMER)/ NEXT BUSINESS DAY ONSITE AFTER REMOTE DIAGNOSIS (COMMERCIAL CUSTOMER),UNY,10/28/2014,10/30/2019,10/28/2020,134
EVCSPMBX01-BKUP.ITCS.PRIVATE,POWEREDGE R720,SERVER,3YQTGX1,ND,EXTENDED,ONSITE SERVICE AFTER REMOTE DIAGNOSIS (CONSUMER CUSTOMER)/ NEXT BUSINESS DAY ONSITE AFTER REMOTE DIAGNOSIS (COMMERCIAL CUSTOMER),UNY,6/18/2013,6/19/2017,6/19/2019,0
EVRACR8-IDRAC.ITCS.PRIVATE,POWEREDGE R620,SERVER,D345P22,ND,EXTENDED,ONSITE SERVICE AFTER REMOTE DIAGNOSIS (CONSUMER CUSTOMER)/ NEXT BUSINESS DAY ONSITE AFTER REMOTE DIAGNOSIS (COMMERCIAL CUSTOMER),UNY,10/28/2014,10/30/2019,10/28/2020,134
EVESX16-IDRAC.ITCS.PRIVATE,POWEREDGE R620,SERVER,9S9JDX1,S4,EXTENDED,4 HOUR 5X10 ONSITE SUPPORT,UNY,5/8/2013,5/9/2014,5/8/2017,0
EVRACR9-IDRAC.ITCS.PRIVATE,POWEREDGE R620,SERVER,D355P22,ND,EXTENDED,ONSITE SERVICE AFTER REMOTE DIAGNOSIS (CONSUMER CUSTOMER)/ NEXT BUSINESS DAY ONSITE AFTER REMOTE DIAGNOSIS (COMMERCIAL CUSTOMER),UNY,10/28/2014,10/30/2019,10/28/2020,134
EVCSPMBX03-BKUP.ITCS.PRIVATE,POWEREDGE R720,SERVER,3YPVGX1,ND,EXTENDED,ONSITE SERVICE AFTER REMOTE DIAGNOSIS (CONSUMER CUSTOMER)/ NEXT BUSINESS DAY ONSITE AFTER REMOTE DIAGNOSIS (COMMERCIAL CUSTOMER),UNY,6/18/2013,6/19/2017,6/19/2019,0
RISEIRB7DAT-IDRAC.ITCS.PRIVATE,POWEREDGE R720XD,SERVER,175KN22,ND,EXTENDED,ONSITE SERVICE AFTER REMOTE DIAGNOSIS (CONSUMER CUSTOMER)/ NEXT BUSINESS DAY ONSITE AFTER REMOTE DIAGNOSIS (COMMERCIAL CUSTOMER),UNY,9/17/2014,9/18/2018,8/5/2021,415
EVCSPMBX04-BKUP.ITCS.PRIVATE,POWEREDGE R720,SERVER,DRW48Y1,ND,EXTENDED,ONSITE SERVICE AFTER REMOTE DIAGNOSIS (CONSUMER CUSTOMER)/ NEXT BUSINESS DAY ONSITE AFTER REMOTE DIAGNOSIS (COMMERCIAL CUSTOMER),UNY,8/19/2013,8/20/2017,8/20/2019,0
FFRATM1PRD-IDRAC.ITCS.PRIVATE,POWEREDGE R630,SERVER,1HFY842,GD,EXTENDED,PROSUPPORT MISSION CRITICAL,DELL,1/30/2015,1/31/2019,1/30/2020,0
FFRATM1PRD-IDRAC.ITCS.PRIVATE,POWEREDGE R630,SERVER,1HFY842,S9,EXTENDED,4 HOUR 7X24 ONSITE SUPPORT,UNY,1/30/2015,1/31/2019,1/30/2020,0
VMBKUP05-IDRAC.ITCS.PRIVATE,POWEREDGE R620,SERVER,4C26Q22,ND,EXTENDED,ONSITE SERVICE AFTER REMOTE DIAGNOSIS (CONSUMER CUSTOMER)/ NEXT BUSINESS DAY ONSITE AFTER REMOTE DIAGNOSIS (COMMERCIAL CUSTOMER),UNY,10/2/2014,10/3/2015,10/2/2018,0
EVSPLIDX91-IDRAC.ITCS.PRIVATE,POWEREDGE R620,SERVER,3Z5BH02,ND,EXTENDED,ONSITE SERVICE AFTER REMOTE DIAGNOSIS (CONSUMER CUSTOMER)/ NEXT BUSINESS DAY ONSITE AFTER REMOTE DIAGNOSIS (COMMERCIAL CUSTOMER),UNY,2/25/2014,2/26/2018,2/26/2019,0
EVESXCLOUD40-IDRAC.ITCS.PRIVATE,POWEREDGE R630,SERVER,84VSFK2,ND,INITIAL,ONSITE SERVICE AFTER REMOTE DIAGNOSIS (CONSUMER CUSTOMER)/ NEXT BUSINESS DAY ONSITE AFTER REMOTE DIAGNOSIS (COMMERCIAL CUSTOMER),UNY,6/21/2017,6/21/2017,6/21/2021,370
EVRACR10-IDRAC.ITCS.PRIVATE,POWEREDGE R620,SERVER,D354P22,ND,EXTENDED,ONSITE SERVICE AFTER REMOTE DIAGNOSIS (CONSUMER CUSTOMER)/ NEXT BUSINESS DAY ONSITE AFTER REMOTE DIAGNOSIS (COMMERCIAL CUSTOMER),UNY,10/28/2014,10/30/2019,10/28/2020,134
EVCSPMBX05-IDRAC.ITCS.PRIVATE,POWEREDGE R720,SERVER,4CPJV12,KK,EXTENDED,KEEP YOUR HARD DRIVE SERVICE,DELL,6/22/2014,3/28/2018,6/22/2020,6
EVCSPMBX05-IDRAC.ITCS.PRIVATE,POWEREDGE R720,SERVER,4CPJV12,ND,EXTENDED,ONSITE SERVICE AFTER REMOTE DIAGNOSIS (CONSUMER CUSTOMER)/ NEXT BUSINESS DAY ONSITE AFTER REMOTE DIAGNOSIS (COMMERCIAL CUSTOMER),UNY,6/22/2014,6/22/2018,6/22/2020,6
RISEIRB7APPTEST-IDRAC.ITCS.PRIVATE,POWEREDGE R720XD,SERVER,CV4MW12,KK,EXTENDED,KEEP YOUR HARD DRIVE SERVICE,DELL,8/4/2014,8/6/2018,8/4/2021,414
RISEIRB7APPTEST-IDRAC.ITCS.PRIVATE,POWEREDGE R720XD,SERVER,CV4MW12,ND,EXTENDED,ONSITE SERVICE AFTER REMOTE DIAGNOSIS (CONSUMER CUSTOMER)/ NEXT BUSINESS DAY ONSITE AFTER REMOTE DIAGNOSIS (COMMERCIAL CUSTOMER),UNY,8/4/2014,8/6/2018,8/3/2021,413
VMBKUP07-IDRAC.ITCS.PRIVATE,POWEREDGE R630,SERVER,8WYWHK2,KK,INITIAL,KEEP YOUR HARD DRIVE SERVICE,DELL,8/3/2017,8/3/2017,8/3/2021,413
VMBKUP07-IDRAC.ITCS.PRIVATE,POWEREDGE R630,SERVER,8WYWHK2,ND,INITIAL,ONSITE SERVICE AFTER REMOTE DIAGNOSIS (CONSUMER CUSTOMER)/ NEXT BUSINESS DAY ONSITE AFTER REMOTE DIAGNOSIS (COMMERCIAL CUSTOMER),UNY,8/3/2017,8/3/2017,8/3/2021,413
EVCSPMBX02-BKUP.ITCS.PRIVATE,POWEREDGE R720,SERVER,3YQSGX1,ND,EXTENDED,ONSITE SERVICE AFTER REMOTE DIAGNOSIS (CONSUMER CUSTOMER)/ NEXT BUSINESS DAY ONSITE AFTER REMOTE DIAGNOSIS (COMMERCIAL CUSTOMER),UNY,6/18/2013,6/19/2017,6/19/2019,0
EVCSPSSQL1-IDRAC.ITCS.PRIVATE,POWEREDGE R710,SERVER,F1BFJS1,ND,EXTENDED,ONSITE SERVICE AFTER REMOTE DIAGNOSIS (CONSUMER CUSTOMER)/ NEXT BUSINESS DAY ONSITE AFTER REMOTE DIAGNOSIS (COMMERCIAL CUSTOMER),UNY,2/21/2012,2/22/2018,2/22/2019,0
EVCSPSSQL2-IDRAC.ITCS.PRIVATE,POWEREDGE R710,SERVER,F1BCJS1,ND,EXTENDED,ONSITE SERVICE AFTER REMOTE DIAGNOSIS (CONSUMER CUSTOMER)/ NEXT BUSINESS DAY ONSITE AFTER REMOTE DIAGNOSIS (COMMERCIAL CUSTOMER),UNY,2/21/2012,2/22/2018,2/22/2019,0
EVESXC02N05-S34-IDRAC.ITCS.PRIVATE,POWEREDGE R640,SERVER,J246HQ2,GD,INITIAL,PROSUPPORT MISSION CRITICAL,DELL,8/26/2018,8/27/2018,8/26/2023,1166
EVESXC02N05-S34-IDRAC.ITCS.PRIVATE,POWEREDGE R640,SERVER,J246HQ2,S9,EXTENDED,4 HOUR 7X24 ONSITE SUPPORT,UNY,8/26/2018,8/26/2021,8/26/2023,1166
EVESXC02N05-S34-IDRAC.ITCS.PRIVATE,POWEREDGE R640,SERVER,J246HQ2,S9,INITIAL,4 HOUR 7X24 ONSITE SUPPORT,UNY,8/26/2018,8/26/2018,8/25/2021,435
EVITCSPDC-IDRAC.ITCS.PRIVATE,POWEREDGE R640,SERVER,12S3HQ2,ND,INITIAL,ONSITE SERVICE AFTER REMOTE DIAGNOSIS (CONSUMER CUSTOMER)/ NEXT BUSINESS DAY ONSITE AFTER REMOTE DIAGNOSIS (COMMERCIAL CUSTOMER),DELL EMC,8/10/2018,8/10/2018,8/9/2022,784
EVITCSPDC-IDRAC.ITCS.PRIVATE,POWEREDGE R640,SERVER,12S3HQ2,SV,INITIAL,SILVER SUPPORT OR PROSUPPORT,DELL,8/10/2018,8/10/2018,8/9/2022,784
EVRACR7-IDRAC.ITCS.PRIVATE,POWEREDGE R620,SERVER,D357P22,ND,EXTENDED,ONSITE SERVICE AFTER REMOTE DIAGNOSIS (CONSUMER CUSTOMER)/ NEXT BUSINESS DAY ONSITE AFTER REMOTE DIAGNOSIS (COMMERCIAL CUSTOMER),UNY,10/28/2014,10/30/2019,10/28/2020,134
EVESXCLOUD35-IDRAC.ITCS.PRIVATE,POWEREDGE R630,SERVER,HHPJHB2,ND,EXTENDED,ONSITE SERVICE AFTER REMOTE DIAGNOSIS (CONSUMER CUSTOMER)/ NEXT BUSINESS DAY ONSITE AFTER REMOTE DIAGNOSIS (COMMERCIAL CUSTOMER),UNY,6/3/2016,6/5/2020,6/3/2021,352
EVESXC01N06-T39-IDRAC.ITCS.PRIVATE,POWEREDGE R630,SERVER,HLQWHH2,GD,INITIAL,PROSUPPORT MISSION CRITICAL,DELL,5/24/2017,5/24/2017,5/24/2021,342
EVESXC01N06-T39-IDRAC.ITCS.PRIVATE,POWEREDGE R630,SERVER,HLQWHH2,S9,EXTENDED,4 HOUR 7X24 ONSITE SUPPORT,UNY,5/24/2017,5/25/2020,5/25/2021,343
EVESXC01N08-T39-IDRAC.ITCS.PRIVATE,POWEREDGE R630,SERVER,HLQDJH2,GD,INITIAL,PROSUPPORT MISSION CRITICAL,DELL,5/24/2017,5/24/2017,5/24/2021,342
EVESXC01N08-T39-IDRAC.ITCS.PRIVATE,POWEREDGE R630,SERVER,HLQDJH2,S9,EXTENDED,4 HOUR 7X24 ONSITE SUPPORT,UNY,5/24/2017,5/26/2021,5/26/2022,709
EVESXC01N08-T39-IDRAC.ITCS.PRIVATE,POWEREDGE R630,SERVER,HLQDJH2,S9,INITIAL,4 HOUR 7X24 ONSITE SUPPORT,UNY,5/24/2017,5/24/2018,5/24/2021,342
EVESXCLOUD34-IDRAC.ITCS.PRIVATE,POWEREDGE R630,SERVER,HHPHHB2,ND,EXTENDED,ONSITE SERVICE AFTER REMOTE DIAGNOSIS (CONSUMER CUSTOMER)/ NEXT BUSINESS DAY ONSITE AFTER REMOTE DIAGNOSIS (COMMERCIAL CUSTOMER),UNY,6/3/2016,6/5/2020,6/3/2021,352
EVESXC02N06-S34-IDRAC.ITCS.PRIVATE,POWEREDGE R640,SERVER,J244HQ2,GD,INITIAL,PROSUPPORT MISSION CRITICAL,DELL,8/26/2018,8/27/2018,8/26/2023,1166
EVESXC02N06-S34-IDRAC.ITCS.PRIVATE,POWEREDGE R640,SERVER,J244HQ2,S9,EXTENDED,4 HOUR 7X24 ONSITE SUPPORT,UNY,8/26/2018,8/26/2021,8/26/2023,1166
EVESXC02N06-S34-IDRAC.ITCS.PRIVATE,POWEREDGE R640,SERVER,J244HQ2,S9,INITIAL,4 HOUR 7X24 ONSITE SUPPORT,UNY,8/26/2018,8/26/2018,8/25/2021,435
EVESXC01N03-Q39-IDRAC.ITCS.PRIVATE,POWEREDGE R630,SERVER,HLR0JH2,GD,INITIAL,PROSUPPORT MISSION CRITICAL,DELL,5/24/2017,5/24/2017,5/24/2021,342
EVESXC01N03-Q39-IDRAC.ITCS.PRIVATE,POWEREDGE R630,SERVER,HLR0JH2,S9,EXTENDED,4 HOUR 7X24 ONSITE SUPPORT,UNY,5/24/2017,5/25/2020,5/25/2021,343
EVESXC01N01-Q39-IDRAC.ITCS.PRIVATE,POWEREDGE R630,SERVER,HLQCJH2,GD,INITIAL,PROSUPPORT MISSION CRITICAL,DELL,5/24/2017,5/24/2017,5/24/2021,342
EVESXC01N01-Q39-IDRAC.ITCS.PRIVATE,POWEREDGE R630,SERVER,HLQCJH2,S9,EXTENDED,4 HOUR 7X24 ONSITE SUPPORT,UNY,5/24/2017,5/25/2020,5/25/2021,343
IDRAC-DHL1QD2,POWEREDGE R630,SERVER,DHL1QD2,ND,INITIAL,ONSITE SERVICE AFTER REMOTE DIAGNOSIS (CONSUMER CUSTOMER)/ NEXT BUSINESS DAY ONSITE AFTER REMOTE DIAGNOSIS (COMMERCIAL CUSTOMER),UNY,8/3/2016,8/3/2016,8/3/2020,48
IDRAC-DHL1QD2,POWEREDGE R630,SERVER,DHL1QD2,SV,INITIAL,SILVER SUPPORT OR PROSUPPORT,DELL,8/3/2016,8/3/2016,8/3/2020,48
EVCSPMBX2-BKUP.ITCS.PRIVATE,POWEREDGE R710,SERVER,JHPMMN1,ND,EXTENDED,ONSITE SERVICE AFTER REMOTE DIAGNOSIS (CONSUMER CUSTOMER)/ NEXT BUSINESS DAY ONSITE AFTER REMOTE DIAGNOSIS (COMMERCIAL CUSTOMER),QLX,12/22/2010,1/6/2017,12/22/2017,0
EVESXC01N02-Q39-IDRAC.ITCS.PRIVATE,POWEREDGE R630,SERVER,HLQXHH2,GD,INITIAL,PROSUPPORT MISSION CRITICAL,DELL,5/24/2017,5/24/2017,5/24/2021,342
EVESXC01N02-Q39-IDRAC.ITCS.PRIVATE,POWEREDGE R630,SERVER,HLQXHH2,S9,EXTENDED,4 HOUR 7X24 ONSITE SUPPORT,UNY,5/24/2017,5/25/2020,5/25/2021,343
EVESXC01N05-T39-IDRAC.ITCS.PRIVATE,POWEREDGE R630,SERVER,HLQYHH2,GD,INITIAL,PROSUPPORT MISSION CRITICAL,DELL,5/24/2017,5/24/2017,5/24/2021,342
EVESXC01N05-T39-IDRAC.ITCS.PRIVATE,POWEREDGE R630,SERVER,HLQYHH2,S9,EXTENDED,4 HOUR 7X24 ONSITE SUPPORT,UNY,5/24/2017,5/25/2020,5/25/2021,343
EVRACT13-IDRAC.ITCS.PRIVATE,POWEREDGE R630,SERVER,G42HGB2,ND,EXTENDED,ONSITE SERVICE AFTER REMOTE DIAGNOSIS (CONSUMER CUSTOMER)/ NEXT BUSINESS DAY ONSITE AFTER REMOTE DIAGNOSIS (COMMERCIAL CUSTOMER),UNY,4/29/2016,5/1/2020,4/29/2021,317
IDRAC-DHL2QD2,POWEREDGE R630,SERVER,DHL2QD2,ND,INITIAL,ONSITE SERVICE AFTER REMOTE DIAGNOSIS (CONSUMER CUSTOMER)/ NEXT BUSINESS DAY ONSITE AFTER REMOTE DIAGNOSIS (COMMERCIAL CUSTOMER),UNY,8/3/2016,8/3/2016,8/3/2020,48
IDRAC-DHL2QD2,POWEREDGE R630,SERVER,DHL2QD2,SV,INITIAL,SILVER SUPPORT OR PROSUPPORT,DELL,8/3/2016,8/3/2016,8/3/2020,48
EVESXC01N07-T39-IDRAC.ITCS.PRIVATE,POWEREDGE R630,SERVER,HLQZHH2,GD,INITIAL,PROSUPPORT MISSION CRITICAL,DELL,5/24/2017,5/24/2017,5/24/2021,342
EVESXC01N07-T39-IDRAC.ITCS.PRIVATE,POWEREDGE R630,SERVER,HLQZHH2,S9,EXTENDED,4 HOUR 7X24 ONSITE SUPPORT,UNY,5/24/2017,5/25/2020,5/25/2021,343
COIPRODDATA-IDRAC.ITCS.PRIVATE,POWEREDGE R730XD,SERVER,235T182,ND,INITIAL,ONSITE SERVICE AFTER REMOTE DIAGNOSIS (CONSUMER CUSTOMER)/ NEXT BUSINESS DAY ONSITE AFTER REMOTE DIAGNOSIS (COMMERCIAL CUSTOMER),UNY,10/14/2015,10/14/2015,10/14/2020,120
EVESXCLOUD43-IDRAC.ITCS.PRIVATE,POWEREDGE R630,SERVER,HHXHHB2,ND,EXTENDED,ONSITE SERVICE AFTER REMOTE DIAGNOSIS (CONSUMER CUSTOMER)/ NEXT BUSINESS DAY ONSITE AFTER REMOTE DIAGNOSIS (COMMERCIAL CUSTOMER),UNY,6/5/2016,6/7/2020,6/5/2021,354
EVVSRX03-IDRAC.ITCS.PRIVATE,POWEREDGE R740XD,SERVER,4JN9HQ2,KK,INITIAL,KEEP YOUR HARD DRIVE SERVICE,DELL,8/20/2018,8/21/2018,8/20/2021,430
EVVSRX03-IDRAC.ITCS.PRIVATE,POWEREDGE R740XD,SERVER,4JN9HQ2,ND,INITIAL,ONSITE SERVICE AFTER REMOTE DIAGNOSIS (CONSUMER CUSTOMER)/ NEXT BUSINESS DAY ONSITE AFTER REMOTE DIAGNOSIS (COMMERCIAL CUSTOMER),UNY,8/20/2018,8/20/2018,8/19/2021,429
EVVSRX03-IDRAC.ITCS.PRIVATE,POWEREDGE R740XD,SERVER,4JN9HQ2,SV,INITIAL,SILVER SUPPORT OR PROSUPPORT,DELL,8/20/2018,8/21/2018,8/20/2021,430
EVVSRX01-IDRAC.ITCS.PRIVATE,POWEREDGE R630,SERVER,HHNZHB2,ND,EXTENDED,ONSITE SERVICE AFTER REMOTE DIAGNOSIS (CONSUMER CUSTOMER)/ NEXT BUSINESS DAY ONSITE AFTER REMOTE DIAGNOSIS (COMMERCIAL CUSTOMER),UNY,6/4/2016,6/6/2020,6/4/2021,353
SPL-PLH2.ITCS.PRIVATE,POWEREDGE R630,SERVER,7DWZPD2,ND,INITIAL,ONSITE SERVICE AFTER REMOTE DIAGNOSIS (CONSUMER CUSTOMER)/ NEXT BUSINESS DAY ONSITE AFTER REMOTE DIAGNOSIS (COMMERCIAL CUSTOMER),UNY,7/29/2016,7/29/2016,7/29/2021,408
RISEACWEBTST-IDRAC.ITCS.PRIVATE,POWEREDGE R740,SERVER,35GSCV2,KK,EXTENDED,KEEP YOUR HARD DRIVE SERVICE,DELL,2/6/2019,2/26/2019,2/5/2024,1329
RISEACWEBTST-IDRAC.ITCS.PRIVATE,POWEREDGE R740,SERVER,35GSCV2,ND,INITIAL,ONSITE SERVICE AFTER REMOTE DIAGNOSIS (CONSUMER CUSTOMER)/ NEXT BUSINESS DAY ONSITE AFTER REMOTE DIAGNOSIS (COMMERCIAL CUSTOMER),UNY,2/6/2019,2/6/2019,2/5/2024,1329
EVESXCLOUD41-IDRAC.ITCS.PRIVATE,POWEREDGE R630,SERVER,84VWFK2,ND,INITIAL,ONSITE SERVICE AFTER REMOTE DIAGNOSIS (CONSUMER CUSTOMER)/ NEXT BUSINESS DAY ONSITE AFTER REMOTE DIAGNOSIS (COMMERCIAL CUSTOMER),UNY,6/21/2017,6/21/2017,6/21/2021,370
EVESX75-IDRAC.ITCS.PRIVATE,POWEREDGE R630,SERVER,CQ61V52,ND,EXTENDED,ONSITE SERVICE AFTER REMOTE DIAGNOSIS (CONSUMER CUSTOMER)/ NEXT BUSINESS DAY ONSITE AFTER REMOTE DIAGNOSIS (COMMERCIAL CUSTOMER),UNY,8/14/2015,8/15/2019,8/14/2020,59
EVESXCLOUD44-IDRAC.ITCS.PRIVATE,POWEREDGE R630,SERVER,HHXVHB2,ND,EXTENDED,ONSITE SERVICE AFTER REMOTE DIAGNOSIS (CONSUMER CUSTOMER)/ NEXT BUSINESS DAY ONSITE AFTER REMOTE DIAGNOSIS (COMMERCIAL CUSTOMER),UNY,6/5/2016,6/7/2020,6/5/2021,354
EVAIRWAVE-IDRAC.ITCS.PRIVATE,POWEREDGE R720XD,SERVER,2JPN3V1,GD,INITIAL,PROSUPPORT MISSION CRITICAL,DELL,4/30/2012,4/30/2012,4/30/2016,0
EVAIRWAVE-IDRAC.ITCS.PRIVATE,POWEREDGE R720XD,SERVER,2JPN3V1,ND,EXTENDED,ONSITE SERVICE AFTER REMOTE DIAGNOSIS (CONSUMER CUSTOMER)/ NEXT BUSINESS DAY ONSITE AFTER REMOTE DIAGNOSIS (COMMERCIAL CUSTOMER),UNY,4/30/2012,4/30/2016,4/30/2018,0
EVAIRWAVE-IDRAC.ITCS.PRIVATE,POWEREDGE R720XD,SERVER,2JPN3V1,P+,EXTENDED,PROSUPPORT PLUS,DELL,4/30/2012,5/5/2016,4/30/2018,0
EVAIRWAVE-IDRAC.ITCS.PRIVATE,POWEREDGE R720XD,SERVER,2JPN3V1,S9,EXTENDED,4 HOUR 7X24 ONSITE SUPPORT,UNY,4/30/2012,5/1/2013,4/30/2016,0
EVESX86-IDRAC.ITCS.PRIVATE,POWEREDGE R630,SERVER,HHXXHB2,ND,EXTENDED,ONSITE SERVICE AFTER REMOTE DIAGNOSIS (CONSUMER CUSTOMER)/ NEXT BUSINESS DAY ONSITE AFTER REMOTE DIAGNOSIS (COMMERCIAL CUSTOMER),UNY,6/5/2016,6/7/2020,6/5/2021,354
EVESX84-IDRAC.ITCS.PRIVATE,POWEREDGE R630,SERVER,HHXGHB2,ND,EXTENDED,ONSITE SERVICE AFTER REMOTE DIAGNOSIS (CONSUMER CUSTOMER)/ NEXT BUSINESS DAY ONSITE AFTER REMOTE DIAGNOSIS (COMMERCIAL CUSTOMER),UNY,6/5/2016,6/7/2020,6/5/2021,354
EVESX85-IDRAC.ITCS.PRIVATE,POWEREDGE R630,SERVER,HHXKHB2,ND,EXTENDED,ONSITE SERVICE AFTER REMOTE DIAGNOSIS (CONSUMER CUSTOMER)/ NEXT BUSINESS DAY ONSITE AFTER REMOTE DIAGNOSIS (COMMERCIAL CUSTOMER),UNY,6/5/2016,6/7/2020,6/5/2021,354
RISEIRBDATA2-IDRAC.ITCS.PRIVATE,POWEREDGE T710,SERVER,7T3NWR1,ND,EXTENDED,ONSITE SERVICE AFTER REMOTE DIAGNOSIS (CONSUMER CUSTOMER)/ NEXT BUSINESS DAY ONSITE AFTER REMOTE DIAGNOSIS (COMMERCIAL CUSTOMER),UNY,12/2/2011,5/22/2015,5/18/2017,0
FFRATM1PRD2-BK.ITCS.PRIVATE,POWEREDGE R640,SERVER,JCPPHQ2,GD,INITIAL,PROSUPPORT MISSION CRITICAL,DELL,9/4/2018,9/4/2018,9/3/2023,1174
FFRATM1PRD2-BK.ITCS.PRIVATE,POWEREDGE R640,SERVER,JCPPHQ2,S9,EXTENDED,4 HOUR 7X24 ONSITE SUPPORT,UNY,9/4/2018,9/4/2021,9/4/2023,1175
FFRATM1PRD2-BK.ITCS.PRIVATE,POWEREDGE R640,SERVER,JCPPHQ2,S9,INITIAL,4 HOUR 7X24 ONSITE SUPPORT,UNY,9/4/2018,9/4/2018,9/3/2021,444
VMBKUP05A-IDRAC.ITCS.PRIVATE,POWEREDGE R630,SERVER,8WYXHK2,KK,INITIAL,KEEP YOUR HARD DRIVE SERVICE,DELL,8/4/2017,8/3/2017,8/3/2021,413
VMBKUP05A-IDRAC.ITCS.PRIVATE,POWEREDGE R630,SERVER,8WYXHK2,ND,INITIAL,ONSITE SERVICE AFTER REMOTE DIAGNOSIS (CONSUMER CUSTOMER)/ NEXT BUSINESS DAY ONSITE AFTER REMOTE DIAGNOSIS (COMMERCIAL CUSTOMER),UNY,8/4/2017,8/4/2017,8/4/2021,414
EVESXCLOUD42-IDRAC.ITCS.PRIVATE,POWEREDGE R630,SERVER,84VXFK2,ND,INITIAL,ONSITE SERVICE AFTER REMOTE DIAGNOSIS (CONSUMER CUSTOMER)/ NEXT BUSINESS DAY ONSITE AFTER REMOTE DIAGNOSIS (COMMERCIAL CUSTOMER),UNY,6/21/2017,6/21/2017,6/21/2021,370
EVESX76-IDRAC.ITCS.PRIVATE,POWEREDGE R630,SERVER,CQ5VT52,ND,EXTENDED,ONSITE SERVICE AFTER REMOTE DIAGNOSIS (CONSUMER CUSTOMER)/ NEXT BUSINESS DAY ONSITE AFTER REMOTE DIAGNOSIS (COMMERCIAL CUSTOMER),UNY,8/14/2015,8/15/2019,8/14/2020,59
EVESX82-IDRAC.ITCS.PRIVATE,POWEREDGE R630,SERVER,HHXJHB2,ND,EXTENDED,ONSITE SERVICE AFTER REMOTE DIAGNOSIS (CONSUMER CUSTOMER)/ NEXT BUSINESS DAY ONSITE AFTER REMOTE DIAGNOSIS (COMMERCIAL CUSTOMER),UNY,6/5/2016,6/7/2020,6/5/2021,354
VMBKUP08A-IDRAC.ITCS.PRIVATE,POWEREDGE R640,SERVER,14HDDW2,KK,INITIAL,KEEP YOUR HARD DRIVE SERVICE,DELL,4/27/2019,4/26/2019,4/25/2023,1043
VMBKUP08A-IDRAC.ITCS.PRIVATE,POWEREDGE R640,SERVER,14HDDW2,ND,INITIAL,ONSITE SERVICE AFTER REMOTE DIAGNOSIS (CONSUMER CUSTOMER)/ NEXT BUSINESS DAY ONSITE AFTER REMOTE DIAGNOSIS (COMMERCIAL CUSTOMER),UNY,4/27/2019,4/27/2019,4/26/2023,1044
EVESX57-IDRAC.ITCS.PRIVATE,POWEREDGE R620,SERVER,CZ7NW12,ND,EXTENDED,ONSITE SERVICE AFTER REMOTE DIAGNOSIS (CONSUMER CUSTOMER)/ NEXT BUSINESS DAY ONSITE AFTER REMOTE DIAGNOSIS (COMMERCIAL CUSTOMER),UNY,8/5/2014,8/7/2018,8/6/2019,0
EVESX59-IDRAC.ITCS.PRIVATE,POWEREDGE R620,SERVER,CZ8NW12,ND,EXTENDED,ONSITE SERVICE AFTER REMOTE DIAGNOSIS (CONSUMER CUSTOMER)/ NEXT BUSINESS DAY ONSITE AFTER REMOTE DIAGNOSIS (COMMERCIAL CUSTOMER),UNY,8/5/2014,8/7/2018,8/6/2019,0
EVESX61-IDRAC.ITCS.PRIVATE,POWEREDGE R620,SERVER,CZ7MW12,ND,EXTENDED,ONSITE SERVICE AFTER REMOTE DIAGNOSIS (CONSUMER CUSTOMER)/ NEXT BUSINESS DAY ONSITE AFTER REMOTE DIAGNOSIS (COMMERCIAL CUSTOMER),UNY,8/5/2014,8/7/2018,8/6/2019,0
RISAOPSPRD-IDRAC.ITCS.PRIVATE,POWEREDGE R730XD,SERVER,G4S7HH2,ND,INITIAL,ONSITE SERVICE AFTER REMOTE DIAGNOSIS (CONSUMER CUSTOMER)/ NEXT BUSINESS DAY ONSITE AFTER REMOTE DIAGNOSIS (COMMERCIAL CUSTOMER),UNY,3/30/2017,3/30/2017,3/30/2022,652
EVPUMHOST-IDRAC.ITCS.PRIVATE,POWEREDGE R630,SERVER,7N98FB2,ND,EXTENDED,ONSITE SERVICE AFTER REMOTE DIAGNOSIS (CONSUMER CUSTOMER)/ NEXT BUSINESS DAY ONSITE AFTER REMOTE DIAGNOSIS (COMMERCIAL CUSTOMER),UNY,3/29/2016,3/30/2019,3/29/2020,0
EVSPLIDX04-IDRAC.ITCS.PRIVATE,POWEREDGE R630,SERVER,7DWYPD2,ND,INITIAL,ONSITE SERVICE AFTER REMOTE DIAGNOSIS (CONSUMER CUSTOMER)/ NEXT BUSINESS DAY ONSITE AFTER REMOTE DIAGNOSIS (COMMERCIAL CUSTOMER),UNY,7/29/2016,7/29/2016,7/29/2021,408
EVESXCLOUD33-IDRAC.ITCS.PRIVATE,POWEREDGE R630,SERVER,H17KR52,ND,EXTENDED,ONSITE SERVICE AFTER REMOTE DIAGNOSIS (CONSUMER CUSTOMER)/ NEXT BUSINESS DAY ONSITE AFTER REMOTE DIAGNOSIS (COMMERCIAL CUSTOMER),UNY,6/18/2015,6/19/2019,6/18/2020,2
EVESXT01N01-IDRAC.ITCS.PRIVATE,POWEREDGE R620,SERVER,CZ8MW12,ND,EXTENDED,ONSITE SERVICE AFTER REMOTE DIAGNOSIS (CONSUMER CUSTOMER)/ NEXT BUSINESS DAY ONSITE AFTER REMOTE DIAGNOSIS (COMMERCIAL CUSTOMER),UNY,8/5/2014,8/7/2018,8/6/2019,0
EVESX58-IDRAC.ITCS.PRIVATE,POWEREDGE R620,SERVER,CZ8PW12,ND,EXTENDED,ONSITE SERVICE AFTER REMOTE DIAGNOSIS (CONSUMER CUSTOMER)/ NEXT BUSINESS DAY ONSITE AFTER REMOTE DIAGNOSIS (COMMERCIAL CUSTOMER),UNY,8/5/2014,8/7/2018,8/6/2019,0
EVESXTNSC01N01-IDRAC.ITCS.PRIVATE,POWEREDGE R730,SERVER,5XQ3V52,ND,EXTENDED,ONSITE SERVICE AFTER REMOTE DIAGNOSIS (CONSUMER CUSTOMER)/ NEXT BUSINESS DAY ONSITE AFTER REMOTE DIAGNOSIS (COMMERCIAL CUSTOMER),UNY,8/17/2015,8/18/2019,8/17/2020,62
EVESXTNSC01N01-IDRAC.ITCS.PRIVATE,POWEREDGE R730,SERVER,5XQ3V52,P+,EXTENDED,PROSUPPORT PLUS,DELL,8/17/2015,8/18/2019,8/17/2020,62
EVESXCLOUD47-IDRAC.ITCS.PRIVATE,POWEREDGE R630,SERVER,7YZ1D42,ND,EXTENDED,ONSITE SERVICE AFTER REMOTE DIAGNOSIS (CONSUMER CUSTOMER)/ NEXT BUSINESS DAY ONSITE AFTER REMOTE DIAGNOSIS (COMMERCIAL CUSTOMER),UNY,4/24/2015,4/25/2019,4/24/2020,0
EVESXT01N02-IDRAC.ITCS.PRIVATE,POWEREDGE R620,SERVER,CZ8LW12,ND,EXTENDED,ONSITE SERVICE AFTER REMOTE DIAGNOSIS (CONSUMER CUSTOMER)/ NEXT BUSINESS DAY ONSITE AFTER REMOTE DIAGNOSIS (COMMERCIAL CUSTOMER),UNY,8/5/2014,8/7/2018,8/6/2019,0
EVESX70-IDRAC.ITCS.PRIVATE,POWEREDGE R630,SERVER,7YZVC42,ND,EXTENDED,ONSITE SERVICE AFTER REMOTE DIAGNOSIS (CONSUMER CUSTOMER)/ NEXT BUSINESS DAY ONSITE AFTER REMOTE DIAGNOSIS (COMMERCIAL CUSTOMER),UNY,4/24/2015,4/25/2019,4/24/2020,0
EVESXT01N03-IDRAC.ITCS.PRIVATE,POWEREDGE R620,SERVER,CZ7PW12,ND,EXTENDED,ONSITE SERVICE AFTER REMOTE DIAGNOSIS (CONSUMER CUSTOMER)/ NEXT BUSINESS DAY ONSITE AFTER REMOTE DIAGNOSIS (COMMERCIAL CUSTOMER),UNY,8/5/2014,8/7/2018,8/6/2019,0
EVESXCLOUD46-IDRAC.ITCS.PRIVATE,POWEREDGE R630,SERVER,7YZXC42,ND,EXTENDED,ONSITE SERVICE AFTER REMOTE DIAGNOSIS (CONSUMER CUSTOMER)/ NEXT BUSINESS DAY ONSITE AFTER REMOTE DIAGNOSIS (COMMERCIAL CUSTOMER),UNY,4/24/2015,4/25/2019,4/24/2020,0
EVESX73-IDRAC.ITCS.PRIVATE,POWEREDGE R630,SERVER,7ZS5D42,ND,EXTENDED,ONSITE SERVICE AFTER REMOTE DIAGNOSIS (CONSUMER CUSTOMER)/ NEXT BUSINESS DAY ONSITE AFTER REMOTE DIAGNOSIS (COMMERCIAL CUSTOMER),UNY,5/4/2015,5/5/2019,5/4/2020,0
EVESXCLOUD48-IDRAC.ITCS.PRIVATE,POWEREDGE R630,SERVER,7YZYC42,ND,EXTENDED,ONSITE SERVICE AFTER REMOTE DIAGNOSIS (CONSUMER CUSTOMER)/ NEXT BUSINESS DAY ONSITE AFTER REMOTE DIAGNOSIS (COMMERCIAL CUSTOMER),UNY,4/24/2015,4/25/2019,4/24/2020,0
VMBKUP04A-BK.ITCS.PRIVATE,POWEREDGE R630,SERVER,10TZT52,ND,EXTENDED,ONSITE SERVICE AFTER REMOTE DIAGNOSIS (CONSUMER CUSTOMER)/ NEXT BUSINESS DAY ONSITE AFTER REMOTE DIAGNOSIS (COMMERCIAL CUSTOMER),UNY,8/7/2015,8/9/2020,8/7/2021,417
VMBKUP04A-BK.ITCS.PRIVATE,POWEREDGE R630,SERVER,10TZT52,ND,EXTENDED,ONSITE SERVICE AFTER REMOTE DIAGNOSIS (CONSUMER CUSTOMER)/ NEXT BUSINESS DAY ONSITE AFTER REMOTE DIAGNOSIS (COMMERCIAL CUSTOMER),UNY,8/7/2015,8/8/2019,8/7/2020,52
EVSPLSRC01-IDRAC.ITCS.PRIVATE,POWEREDGE R630,SERVER,BVPMS52,ND,EXTENDED,ONSITE SERVICE AFTER REMOTE DIAGNOSIS (CONSUMER CUSTOMER)/ NEXT BUSINESS DAY ONSITE AFTER REMOTE DIAGNOSIS (COMMERCIAL CUSTOMER),UNY,7/13/2015,7/14/2019,7/13/2020,27
EVESX87-IDRAC.ITCS.PRIVATE,POWEREDGE R630,SERVER,HHXLHB2,ND,EXTENDED,ONSITE SERVICE AFTER REMOTE DIAGNOSIS (CONSUMER CUSTOMER)/ NEXT BUSINESS DAY ONSITE AFTER REMOTE DIAGNOSIS (COMMERCIAL CUSTOMER),UNY,6/5/2016,6/7/2020,6/5/2021,354
NUTABLEAU-IDRAC.ITCS.PRIVATE,POWEREDGE R630,SERVER,826MKB2,ND,INITIAL,ONSITE SERVICE AFTER REMOTE DIAGNOSIS (CONSUMER CUSTOMER)/ NEXT BUSINESS DAY ONSITE AFTER REMOTE DIAGNOSIS (COMMERCIAL CUSTOMER),UNY,7/13/2016,7/13/2016,7/13/2020,27
RISAOPSTSTDAT-IDRAC.ITCS.PRIVATE,POWEREDGE R730XD,SERVER,G4RBHH2,ND,INITIAL,ONSITE SERVICE AFTER REMOTE DIAGNOSIS (CONSUMER CUSTOMER)/ NEXT BUSINESS DAY ONSITE AFTER REMOTE DIAGNOSIS (COMMERCIAL CUSTOMER),UNY,3/31/2017,3/31/2017,3/31/2022,653
EVRACT10-IDRAC.ITCS.PRIVATE,POWEREDGE R620,SERVER,HP5SK02,KK,EXTENDED,KEEP YOUR HARD DRIVE SERVICE,DELL,4/29/2014,5/1/2020,4/28/2021,316
EVRACT10-IDRAC.ITCS.PRIVATE,POWEREDGE R620,SERVER,HP5SK02,ND,EXTENDED,ONSITE SERVICE AFTER REMOTE DIAGNOSIS (CONSUMER CUSTOMER)/ NEXT BUSINESS DAY ONSITE AFTER REMOTE DIAGNOSIS (COMMERCIAL CUSTOMER),UNY,4/29/2014,5/1/2020,4/28/2021,316
EVESX60-IDRAC.ITCS.PRIVATE,POWEREDGE R620,SERVER,CZ7LW12,ND,EXTENDED,ONSITE SERVICE AFTER REMOTE DIAGNOSIS (CONSUMER CUSTOMER)/ NEXT BUSINESS DAY ONSITE AFTER REMOTE DIAGNOSIS (COMMERCIAL CUSTOMER),UNY,8/5/2014,8/7/2018,8/6/2019,0
EVRACP6-IDRAC.ITCS.PRIVATE,POWEREDGE R620,SERVER,HP6TK02,GD,EXTENDED,PROSUPPORT MISSION CRITICAL,DELL,4/30/2014,5/3/2020,4/30/2021,318
EVRACP6-IDRAC.ITCS.PRIVATE,POWEREDGE R620,SERVER,HP6TK02,KK,EXTENDED,KEEP YOUR HARD DRIVE SERVICE,DELL,4/30/2014,3/8/2018,5/1/2019,0
EVRACP6-IDRAC.ITCS.PRIVATE,POWEREDGE R620,SERVER,HP6TK02,S9,EXTENDED,4 HOUR 7X24 ONSITE SUPPORT,UNY,4/30/2014,5/3/2020,4/30/2021,318
RISEIRBWEB2-IDRAC.ITCS.PRIVATE,,SERVER,6DYXXR1,ND,EXTENDED,ONSITE SERVICE AFTER REMOTE DIAGNOSIS (CONSUMER CUSTOMER)/ NEXT BUSINESS DAY ONSITE AFTER REMOTE DIAGNOSIS (COMMERCIAL CUSTOMER),UNY,12/27/2011,5/22/2015,5/18/2017,0
EVESX77-IDRAC.ITCS.PRIVATE,POWEREDGE R630,SERVER,CQ5YT52,ND,EXTENDED,ONSITE SERVICE AFTER REMOTE DIAGNOSIS (CONSUMER CUSTOMER)/ NEXT BUSINESS DAY ONSITE AFTER REMOTE DIAGNOSIS (COMMERCIAL CUSTOMER),UNY,8/14/2015,8/15/2019,8/14/2020,59
EVESX83-IDRAC.ITCS.PRIVATE,POWEREDGE R630,SERVER,HHXWHB2,ND,EXTENDED,ONSITE SERVICE AFTER REMOTE DIAGNOSIS (CONSUMER CUSTOMER)/ NEXT BUSINESS DAY ONSITE AFTER REMOTE DIAGNOSIS (COMMERCIAL CUSTOMER),UNY,6/5/2016,6/7/2020,6/5/2021,354
EVSPLIDX01-IDRAC.ITCS.PRIVATE,POWEREDGE R630,SERVER,BVQDS52,ND,INITIAL,ONSITE SERVICE AFTER REMOTE DIAGNOSIS (CONSUMER CUSTOMER)/ NEXT BUSINESS DAY ONSITE AFTER REMOTE DIAGNOSIS (COMMERCIAL CUSTOMER),UNY,7/14/2015,7/14/2015,7/14/2019,0
EVSPLSRC02-IDRAC.ITCS.PRIVATE,POWEREDGE R630,SERVER,BVQ8S52,ND,EXTENDED,ONSITE SERVICE AFTER REMOTE DIAGNOSIS (CONSUMER CUSTOMER)/ NEXT BUSINESS DAY ONSITE AFTER REMOTE DIAGNOSIS (COMMERCIAL CUSTOMER),UNY,7/13/2015,7/14/2019,7/13/2020,27
EVRACT9-IDRAC.ITCS.PRIVATE,POWEREDGE R620,SERVER,HP6SK02,KK,EXTENDED,KEEP YOUR HARD DRIVE SERVICE,DELL,4/29/2014,5/1/2020,4/28/2021,316
EVRACT9-IDRAC.ITCS.PRIVATE,POWEREDGE R620,SERVER,HP6SK02,ND,EXTENDED,ONSITE SERVICE AFTER REMOTE DIAGNOSIS (CONSUMER CUSTOMER)/ NEXT BUSINESS DAY ONSITE AFTER REMOTE DIAGNOSIS (COMMERCIAL CUSTOMER),UNY,4/29/2014,5/1/2020,4/28/2021,316
EVESX44-IDRAC.ITCS.PRIVATE,POWEREDGE R620,SERVER,2KXJV12,KK,EXTENDED,KEEP YOUR HARD DRIVE SERVICE,DELL,6/20/2014,3/22/2018,6/21/2019,0
EVESX44-IDRAC.ITCS.PRIVATE,POWEREDGE R620,SERVER,2KXJV12,ND,EXTENDED,ONSITE SERVICE AFTER REMOTE DIAGNOSIS (CONSUMER CUSTOMER)/ NEXT BUSINESS DAY ONSITE AFTER REMOTE DIAGNOSIS (COMMERCIAL CUSTOMER),UNY,6/20/2014,6/22/2018,6/21/2019,0
EVESXCLOUD45-IDRAC.ITCS.PRIVATE,POWEREDGE R630,SERVER,7Z01D42,ND,EXTENDED,ONSITE SERVICE AFTER REMOTE DIAGNOSIS (CONSUMER CUSTOMER)/ NEXT BUSINESS DAY ONSITE AFTER REMOTE DIAGNOSIS (COMMERCIAL CUSTOMER),UNY,4/24/2015,4/25/2019,4/24/2020,0
EVESXCLOUD49-IDRAC.ITCS.PRIVATE,POWEREDGE R630,SERVER,7YZZC42,ND,EXTENDED,ONSITE SERVICE AFTER REMOTE DIAGNOSIS (CONSUMER CUSTOMER)/ NEXT BUSINESS DAY ONSITE AFTER REMOTE DIAGNOSIS (COMMERCIAL CUSTOMER),UNY,4/24/2015,4/25/2019,4/24/2020,0
EVESX71-IDRAC.ITCS.PRIVATE,POWEREDGE R630,SERVER,95FZC42,ND,EXTENDED,ONSITE SERVICE AFTER REMOTE DIAGNOSIS (CONSUMER CUSTOMER)/ NEXT BUSINESS DAY ONSITE AFTER REMOTE DIAGNOSIS (COMMERCIAL CUSTOMER),UNY,4/24/2015,4/25/2019,4/24/2020,0
EVRACP9-IDRAC.ITCS.PRIVATE,POWEREDGE R620,SERVER,HP6WK02,GD,EXTENDED,PROSUPPORT MISSION CRITICAL,DELL,4/30/2014,5/3/2020,4/30/2021,318
EVRACP9-IDRAC.ITCS.PRIVATE,POWEREDGE R620,SERVER,HP6WK02,KK,EXTENDED,KEEP YOUR HARD DRIVE SERVICE,DELL,4/30/2014,3/8/2018,5/1/2019,0
EVRACP9-IDRAC.ITCS.PRIVATE,POWEREDGE R620,SERVER,HP6WK02,S9,EXTENDED,4 HOUR 7X24 ONSITE SUPPORT,UNY,4/30/2014,5/3/2020,4/30/2021,318
EVRACP10-IDRAC.ITCS.PRIVATE,POWEREDGE R620,SERVER,HP7YK02,GD,EXTENDED,PROSUPPORT MISSION CRITICAL,DELL,4/30/2014,5/3/2020,4/30/2021,318
EVRACP10-IDRAC.ITCS.PRIVATE,POWEREDGE R620,SERVER,HP7YK02,KK,EXTENDED,KEEP YOUR HARD DRIVE SERVICE,DELL,4/30/2014,3/8/2018,5/1/2019,0
EVRACP10-IDRAC.ITCS.PRIVATE,POWEREDGE R620,SERVER,HP7YK02,S9,EXTENDED,4 HOUR 7X24 ONSITE SUPPORT,UNY,4/30/2014,5/3/2020,4/30/2021,318
EVESX43-IDRAC.ITCS.PRIVATE,POWEREDGE R620,SERVER,2KWMV12,KK,EXTENDED,KEEP YOUR HARD DRIVE SERVICE,DELL,6/20/2014,3/22/2018,6/21/2019,0
EVESX43-IDRAC.ITCS.PRIVATE,POWEREDGE R620,SERVER,2KWMV12,ND,EXTENDED,ONSITE SERVICE AFTER REMOTE DIAGNOSIS (CONSUMER CUSTOMER)/ NEXT BUSINESS DAY ONSITE AFTER REMOTE DIAGNOSIS (COMMERCIAL CUSTOMER),UNY,6/20/2014,6/22/2018,6/21/2019,0
EVRACP8-IDRAC.ITCS.PRIVATE,POWEREDGE R620,SERVER,HP8XK02,GD,EXTENDED,PROSUPPORT MISSION CRITICAL,DELL,4/30/2014,5/3/2020,4/30/2021,318
EVRACP8-IDRAC.ITCS.PRIVATE,POWEREDGE R620,SERVER,HP8XK02,KK,EXTENDED,KEEP YOUR HARD DRIVE SERVICE,DELL,4/30/2014,3/8/2018,5/1/2019,0
EVRACP8-IDRAC.ITCS.PRIVATE,POWEREDGE R620,SERVER,HP8XK02,S9,EXTENDED,4 HOUR 7X24 ONSITE SUPPORT,UNY,4/30/2014,5/3/2020,4/30/2021,318
EVRACT8-IDRAC.ITCS.PRIVATE,POWEREDGE R620,SERVER,HP5XK02,KK,EXTENDED,KEEP YOUR HARD DRIVE SERVICE,DELL,4/29/2014,5/1/2020,4/28/2021,316
EVRACT8-IDRAC.ITCS.PRIVATE,POWEREDGE R620,SERVER,HP5XK02,ND,EXTENDED,ONSITE SERVICE AFTER REMOTE DIAGNOSIS (CONSUMER CUSTOMER)/ NEXT BUSINESS DAY ONSITE AFTER REMOTE DIAGNOSIS (COMMERCIAL CUSTOMER),UNY,4/29/2014,5/1/2020,4/28/2021,316
EVRACT7-IDRAC.ITCS.PRIVATE,POWEREDGE R620,SERVER,HP5WK02,KK,EXTENDED,KEEP YOUR HARD DRIVE SERVICE,DELL,4/29/2014,5/1/2020,4/28/2021,316
EVRACT7-IDRAC.ITCS.PRIVATE,POWEREDGE R620,SERVER,HP5WK02,ND,EXTENDED,ONSITE SERVICE AFTER REMOTE DIAGNOSIS (CONSUMER CUSTOMER)/ NEXT BUSINESS DAY ONSITE AFTER REMOTE DIAGNOSIS (COMMERCIAL CUSTOMER),UNY,4/29/2014,5/1/2020,4/28/2021,316
EVRACT11-IDRAC.ITCS.PRIVATE,POWEREDGE R620,SERVER,HP5ZK02,KK,EXTENDED,KEEP YOUR HARD DRIVE SERVICE,DELL,4/29/2014,5/1/2020,4/28/2021,316
EVRACT11-IDRAC.ITCS.PRIVATE,POWEREDGE R620,SERVER,HP5ZK02,ND,EXTENDED,ONSITE SERVICE AFTER REMOTE DIAGNOSIS (CONSUMER CUSTOMER)/ NEXT BUSINESS DAY ONSITE AFTER REMOTE DIAGNOSIS (COMMERCIAL CUSTOMER),UNY,4/29/2014,5/1/2020,4/28/2021,316
EVRACP7-IDRAC.ITCS.PRIVATE,POWEREDGE R620,SERVER,HP9TK02,GD,EXTENDED,PROSUPPORT MISSION CRITICAL,DELL,4/30/2014,5/3/2020,4/30/2021,318
EVRACP7-IDRAC.ITCS.PRIVATE,POWEREDGE R620,SERVER,HP9TK02,KK,EXTENDED,KEEP YOUR HARD DRIVE SERVICE,DELL,4/30/2014,3/8/2018,5/1/2019,0
EVRACP7-IDRAC.ITCS.PRIVATE,POWEREDGE R620,SERVER,HP9TK02,S9,EXTENDED,4 HOUR 7X24 ONSITE SUPPORT,UNY,4/30/2014,5/3/2020,4/30/2021,318
EVESX72-IDRAC.ITCS.PRIVATE,POWEREDGE R630,SERVER,7Z02D42,ND,EXTENDED,ONSITE SERVICE AFTER REMOTE DIAGNOSIS (CONSUMER CUSTOMER)/ NEXT BUSINESS DAY ONSITE AFTER REMOTE DIAGNOSIS (COMMERCIAL CUSTOMER),UNY,4/24/2015,4/25/2019,4/24/2020,0
EVESXTNSC01N03-IDRAC.ITCS.PRIVATE,POWEREDGE R730,SERVER,5XQ5V52,ND,EXTENDED,ONSITE SERVICE AFTER REMOTE DIAGNOSIS (CONSUMER CUSTOMER)/ NEXT BUSINESS DAY ONSITE AFTER REMOTE DIAGNOSIS (COMMERCIAL CUSTOMER),UNY,8/17/2015,8/18/2019,8/17/2020,62
EVESXTNSC01N03-IDRAC.ITCS.PRIVATE,POWEREDGE R730,SERVER,5XQ5V52,P+,EXTENDED,PROSUPPORT PLUS,DELL,8/17/2015,8/18/2019,8/17/2020,62
EVCSPDPM01-BK.ITCS.PRIVATE,POWEREDGE R710,SERVER,53NGXQ1,ND,EXTENDED,ONSITE SERVICE AFTER REMOTE DIAGNOSIS (CONSUMER CUSTOMER)/ NEXT BUSINESS DAY ONSITE AFTER REMOTE DIAGNOSIS (COMMERCIAL CUSTOMER),UNY,7/21/2011,7/22/2017,7/24/2018,0
EVESX17-IDRAC.ITCS.PRIVATE,POWEREDGE R620,SERVER,9S8JDX1,S4,EXTENDED,4 HOUR 5X10 ONSITE SUPPORT,UNY,5/8/2013,5/9/2014,5/8/2017,0
EVESXC01N04-Q39-IDRAC.ITCS.PRIVATE,POWEREDGE R630,SERVER,HLQBJH2,GD,INITIAL,PROSUPPORT MISSION CRITICAL,DELL,5/24/2017,5/24/2017,5/24/2021,342
EVESXC01N04-Q39-IDRAC.ITCS.PRIVATE,POWEREDGE R630,SERVER,HLQBJH2,S9,EXTENDED,4 HOUR 7X24 ONSITE SUPPORT,UNY,5/24/2017,5/26/2021,5/26/2022,709
EVESXC01N04-Q39-IDRAC.ITCS.PRIVATE,POWEREDGE R630,SERVER,HLQBJH2,S9,INITIAL,4 HOUR 7X24 ONSITE SUPPORT,UNY,5/24/2017,5/24/2018,5/24/2021,342
COITEST-IDRAC.ITCS.PRIVATE,POWEREDGE R730XD,SERVER,235S182,ND,INITIAL,ONSITE SERVICE AFTER REMOTE DIAGNOSIS (CONSUMER CUSTOMER)/ NEXT BUSINESS DAY ONSITE AFTER REMOTE DIAGNOSIS (COMMERCIAL CUSTOMER),UNY,10/14/2015,10/14/2015,10/14/2020,120
COITESTDATA-IDRAC.ITCS.PRIVATE,POWEREDGE R730XD,SERVER,235V182,ND,INITIAL,ONSITE SERVICE AFTER REMOTE DIAGNOSIS (CONSUMER CUSTOMER)/ NEXT BUSINESS DAY ONSITE AFTER REMOTE DIAGNOSIS (COMMERCIAL CUSTOMER),UNY,10/14/2015,10/14/2015,10/14/2020,120
EVESX74-IDRAC.ITCS.PRIVATE,POWEREDGE R630,SERVER,CQ60V52,ND,EXTENDED,ONSITE SERVICE AFTER REMOTE DIAGNOSIS (CONSUMER CUSTOMER)/ NEXT BUSINESS DAY ONSITE AFTER REMOTE DIAGNOSIS (COMMERCIAL CUSTOMER),UNY,8/14/2015,8/15/2019,8/14/2020,59
EVSPLIDX03-IDRAC.ITCS.PRIVATE,POWEREDGE R630,SERVER,BVQFS52,ND,EXTENDED,ONSITE SERVICE AFTER REMOTE DIAGNOSIS (CONSUMER CUSTOMER)/ NEXT BUSINESS DAY ONSITE AFTER REMOTE DIAGNOSIS (COMMERCIAL CUSTOMER),UNY,7/14/2015,7/15/2019,7/14/2020,28
VMBKUP03A-BK.ITCS.PRIVATE,POWEREDGE R630,SERVER,10TXT52,ND,EXTENDED,ONSITE SERVICE AFTER REMOTE DIAGNOSIS (CONSUMER CUSTOMER)/ NEXT BUSINESS DAY ONSITE AFTER REMOTE DIAGNOSIS (COMMERCIAL CUSTOMER),UNY,8/7/2015,8/9/2020,8/7/2021,417
VMBKUP03A-BK.ITCS.PRIVATE,POWEREDGE R630,SERVER,10TXT52,ND,EXTENDED,ONSITE SERVICE AFTER REMOTE DIAGNOSIS (CONSUMER CUSTOMER)/ NEXT BUSINESS DAY ONSITE AFTER REMOTE DIAGNOSIS (COMMERCIAL CUSTOMER),UNY,8/7/2015,8/8/2019,8/7/2020,52
EVESX81-IDRAC.ITCS.PRIVATE,POWEREDGE R630,SERVER,CQ5WT52,ND,EXTENDED,ONSITE SERVICE AFTER REMOTE DIAGNOSIS (CONSUMER CUSTOMER)/ NEXT BUSINESS DAY ONSITE AFTER REMOTE DIAGNOSIS (COMMERCIAL CUSTOMER),UNY,8/14/2015,8/15/2019,8/14/2020,59
VMBKUP05-IDRAC.ITCS.PRIVATE,POWEREDGE R640,SERVER,8TFH333,ND,INITIAL,ONSITE SERVICE AFTER REMOTE DIAGNOSIS (CONSUMER CUSTOMER)/ NEXT BUSINESS DAY ONSITE AFTER REMOTE DIAGNOSIS (COMMERCIAL CUSTOMER),UNY,3/21/2020,3/21/2020,3/21/2024,1374
